old_path,clicks,impressions,position,linking_sites,redirect_to,redirect_to_when_built,category,note
/guides/x-factor-vindere-gennem-tiden-danmark.html,4916,407006,5.88,,/,,skip-danish,Danish TV/charts
/musik/danske-sangerinder.html,4667,154878,6.14,,/discover/danish-female-singers,,discover,
/selvstudie/instrumenter/klaver/akkorder.html,4175,363071,6.82,,/knowledge/piano/chords,,exists,
/selvstudie/tips-guides/x-factor-vindere-gennem-tiden-danmark.html,3130,236928,7.96,,/,,skip-danish,Danish TV/charts
/selvstudie/tips-guides/toppen-af-poppen-deltagere-gennem-tiden.html,3115,133231,5.83,,/,,skip-danish,Danish TV/charts
/data/material/chords/kim-larsen-papirsklip-akkorder.pdf,3021,22678,3.32,,/knowledge/guitar/chords,,skip-danish,Kim Larsen chord sheets
/data/material/chords/louis-armstrong-what-a-wonderful-world-akkorder.pdf,2686,78621,7.98,,/knowledge/guitar/chords,/knowledge/guitar/easy-songs,create,International chord sheets: point to easy songs
/data/material/chords/bob-dylan-knocking-on-heavens-door-akkorder.pdf,2481,53449,14.39,,/knowledge/guitar/chords,/knowledge/guitar/easy-songs,create,International chord sheets: point to easy songs
/data/material/chords/kim-larsen-joanna-akkorder.pdf,2369,84233,7.6,,/knowledge/guitar/chords,,skip-danish,Kim Larsen chord sheets
/data/material/chords/kim-larsen-midt-om-natten-akkorder.pdf,2185,41749,6.27,,/knowledge/guitar/chords,,skip-danish,Kim Larsen chord sheets
/data/material/chords/kim-larsen-jutlandia-akkorder.pdf,1828,52529,6.97,,/knowledge/guitar/chords,,skip-danish,Kim Larsen chord sheets
/data/material/chords/kim-larsen-haveje-akkorder.pdf,1711,10616,5.39,,/knowledge/guitar/chords,,skip-danish,Kim Larsen chord sheets
/selvstudie/instrumenter/guitar/akkorder.html,1200,134321,4.16,,/knowledge/guitar/chords,,exists,
/guides/toppen-af-poppen-deltagere-gennem-tiden.html,979,53661,4.62,,/,,skip-danish,Danish TV/charts
/data/material/chords/kim-larsen-byens-hotel-akkorder.pdf,755,13883,6.3,,/knowledge/guitar/chords,,skip-danish,Kim Larsen chord sheets
/data/material/chords/jeff-buckley-hallelujah-akkorder.pdf,700,24753,10.72,,/knowledge/guitar/chords,/knowledge/guitar/easy-songs,create,International chord sheets: point to easy songs
/blog/vil-du-laere-at-skrive-din-egen-sang-foelg-vores-guide-her.html,695,48880,8.43,1,/knowledge/songwriting,,exists,
/muuvtube/video/ole-har-foedselsdag-den-med-instrumenterne.html,625,43634,6.46,,/knowledge/guitar/getting-started,,skip-video,Song and children's song video lessons
/,619,52661,12.23,45,/,,home,
/muuvtube/laer-lette-begynder-sange-paa-guitar.html,554,21891,7.64,,/knowledge/guitar/getting-started,/knowledge/guitar/easy-songs,create,"Easy guitar songs by number of chords (chords only, no lyrics)"
/selvstudie/tips-guides/guide-udgiv-din-musik-paa-spotify-apple-music-deezer-tidal-og-mange-flere.html,514,19409,7.78,,/knowledge/promote,/knowledge/promote/release-your-music,create,"Release your music on Spotify, Apple Music and the rest"
/selvstudie/tips-guides/pris-for-musiker-spillejobs-gigs.html,508,36902,9.69,,/knowledge/perform,/knowledge/perform/gig-fees,create,What to charge for a gig
/muuvtube/laer-sange-med-3-akkorder.html,506,11850,8.67,,/knowledge/guitar/getting-started,/knowledge/guitar/easy-songs,create,"Easy guitar songs by number of chords (chords only, no lyrics)"
/muuvtube/laer-guitar-sange-med-4-akkorder,476,12608,6.91,,/knowledge/guitar/getting-started,/knowledge/guitar/easy-songs,create,"Easy guitar songs by number of chords (chords only, no lyrics)"
/selvstudie/tips-guides/oversigt-spillesteder-i-danmark-for-upcoming-kunstnere.html,467,13345,12.67,,/knowledge/perform,,skip-danish,Danish venue and shop lists
/muuvtube/video/kim-larsen-midt-om-natten.html,459,27915,7.52,1,/knowledge/guitar/getting-started,,skip-video,Song and children's song video lessons
/data/material/chords/coldplay-the-scientist-akkorder.pdf,458,27161,17.86,,/knowledge/guitar/chords,/knowledge/guitar/easy-songs,create,International chord sheets: point to easy songs
/selvstudie/klaver/akkorder.html,443,26055,5.49,2,/knowledge/piano/chords,,exists,
/selvstudie/instrumenter/klaver/skalaer.html,408,24362,8.71,,/knowledge/piano,/knowledge/piano/scales,create,Piano scales
/guides/oversigt-spillesteder-i-danmark-for-upcoming-kunstnere.html,361,9853,8.8,,/knowledge/perform,,skip-danish,Danish venue and shop lists
/selvstudie/instrumenter/guitar/skalaer.html,331,9815,7.52,,/knowledge/guitar/scales,,exists,
/muuvtube/video/kim-larsen-haveje.html,323,21854,8.87,,/knowledge/guitar/getting-started,,skip-video,Song and children's song video lessons
/selvstudie/guitar/skalaer.html,323,9635,6.68,,/knowledge/guitar/scales,,exists,
/selvstudie/instrumenter/guitar/akkorder/b-akkord-variationer.html,302,29323,7.35,,/knowledge/guitar/chords/b,,exists,Chord shapes for one root
/musik.html,293,29001,9.41,,/discover,,skip-danish,"Danish playlists (stille musik, julemusik, kærlighedssange)"
/selvstudie/instrumenter/guitar/akkorder/c-akkord-variationer.html,288,38649,5.7,,/knowledge/guitar/chords/c,,exists,Chord shapes for one root
/muuvtube/video/lille-peter-edderkop.html,288,16687,6.16,,/knowledge/guitar/getting-started,,skip-video,Song and children's song video lessons
/blog/gode-sing-along-sange-til-guitarister.html,288,7992,9.35,,/knowledge/guitar/getting-started,/knowledge/guitar/easy-songs,create,"Easy guitar songs by number of chords (chords only, no lyrics)"
/selvstudie/musikteori/toneskala.html,280,31884,7.51,,/knowledge/theory/scales-and-notes,,exists,
/data/material/chords/eagle-eye-cherry-save-tonight-akkorder.pdf,279,15739,15.5,,/knowledge/guitar/chords,/knowledge/guitar/easy-songs,create,International chord sheets: point to easy songs
/selvstudie/tips-guides/alle-super-bowl-halftime-shows-gennem-tiden.html,275,17322,9.44,,/,,skip-offtopic,"Trivia, off topic for Trenodo"
/muuvtube/video/otto-brandenburg-alle-soemaend-er-glade-for-piger.html,267,21145,7.63,,/knowledge/guitar/getting-started,,skip-video,Song and children's song video lessons
/muuvtube/video/anders-matthesen-quangs-sang.html,266,26479,7.2,,/knowledge/guitar/getting-started,,skip-video,Song and children's song video lessons
/selvstudie/tips-guides/musikbutikker-i-danmark.html,265,43207,18.75,1,/knowledge/perform,,skip-danish,Danish venue and shop lists
/guides/pris-for-musiker-spillejobs-gigs.html,265,27215,6.17,,/knowledge/perform,/knowledge/perform/gig-fees,create,What to charge for a gig
/selvstudie/instrumenter/trommer/trommesaettets-opbygning.html,248,14722,11.18,,/knowledge/drums,/knowledge/drums/anatomy,create,"The drum kit, piece by piece"
/muuvtube/laer-skoenne-boernesange-paa.guitar.html,238,21173,6.9,,/knowledge/guitar/getting-started,/knowledge/guitar/easy-songs,create,"Easy guitar songs by number of chords (chords only, no lyrics)"
/data/material/chords/ronan-keating-when-you-say-nothing-at-all-akkorder.pdf,231,5064,12.06,,/knowledge/guitar/chords,/knowledge/guitar/easy-songs,create,International chord sheets: point to easy songs
/selvstudie/instrumenter/bas/skalaer.html,230,6322,9.37,,/knowledge/bass/scales,,exists,
/musik/stille-musik.html,229,23973,8.86,,/discover,,skip-danish,"Danish playlists (stille musik, julemusik, kærlighedssange)"
/selvstudie/instrumenter/guitar/akkorder/g-akkord-variationer.html,225,27394,5.35,,/knowledge/guitar/chords/g,,exists,Chord shapes for one root
/data/material/chords/kim-larsen-fru-sauterne-akkorder.pdf,220,3192,3.75,,/knowledge/guitar/chords,,skip-danish,Kim Larsen chord sheets
/selvstudie/bas/skalaer.html,216,6370,7.22,,/knowledge/bass/scales,,exists,
/guides/guide-udgiv-din-musik-paa-spotify-apple-music-deezer-tidal-og-mange-flere.html,208,14232,5.97,2,/knowledge/promote,/knowledge/promote/release-your-music,create,"Release your music on Spotify, Apple Music and the rest"
/muuvtube/video/puff-den-magiske-drage.html,203,19307,8.34,,/knowledge/guitar/getting-started,,skip-video,Song and children's song video lessons
/selvstudie/musikteori/kvintcirkel.html,202,131535,5.04,2,/knowledge/theory/circle-of-fifths,,exists,
/selvstudie/instrumenter/guitar/transponering.html,201,11063,5.38,,/knowledge/guitar/transposing,,exists,
/undervisning/klaver.html,200,16261,14.68,,/tutoring,,tutoring,Teacher profiles and lesson pages
/muuvtube/video/kim-larsen-papirsklip.html,192,25743,7.39,,/knowledge/guitar/getting-started,,skip-video,Song and children's song video lessons
/musik/dansk-julemusik.html,191,25888,11.83,,/discover,,skip-danish,"Danish playlists (stille musik, julemusik, kærlighedssange)"
/selvstudie/instrumenter/guitar/generelt-om-guitaren.html,191,8072,6.88,,/knowledge/guitar/anatomy,,exists,
/selvstudie/instrumenter/guitar/stem-guitar.html,181,14606,9.77,,/knowledge/guitar/tuning,,exists,
/selvstudie/instrumenter/guitar/akkorder/bb-akkord-variationer.html,172,17633,8.35,,/knowledge/guitar/chords/b-flat,,exists,Chord shapes for one root
/muuvtube/video/kim-larsen-joanna.html,165,19031,6.85,,/knowledge/guitar/getting-started,,skip-video,Song and children's song video lessons
/muuvtube/video/anne-linnet-foraarsdag.html,163,29097,8.42,,/knowledge/guitar/getting-started,,skip-video,Song and children's song video lessons
/muuvtube/video/hjulene-paa-bussen.html,160,14985,6.87,,/knowledge/guitar/getting-started,,skip-video,Song and children's song video lessons
/selvstudie/instrumenter/guitar/akkorder/d-akkord-variationer.html,148,30272,6.28,,/knowledge/guitar/chords/d,,exists,Chord shapes for one root
/shop/harmonika.html,146,5817,13.77,,/,,skip-shop,Shop pages (no shop on Trenodo)
/muuvtube/video/kim-larsen-susan-himmelblaa.html,145,20050,8.67,,/knowledge/guitar/getting-started,,skip-video,Song and children's song video lessons
/blog/5-gode-raad-saadan-laerer-du-at-saette-fingrene-rigtigt-paa-guitarstrengene.html,144,3275,6.3,,/knowledge/guitar/getting-started,,exists,Guitar beginner blog posts
/blog/kendte-musikere-med-en-diagnose.html,142,3688,9.69,,/,,skip-offtopic,"Trivia, off topic for Trenodo"
/musik/kaerlighedssange.html,140,7880,12.53,,/discover,,skip-danish,"Danish playlists (stille musik, julemusik, kærlighedssange)"
/selvstudie/instrumenter/guitar.html,139,17229,13.54,,/knowledge/guitar,,exists,
/blog/hvordan-finder-man-et-emne-naar-man-vil-skrive-en-sang.html,137,11590,8.74,,/knowledge/songwriting/finding-your-subject,,exists,
/muuvtube/video/jeg-ved-en-laerkerede.html,134,13138,6.67,,/knowledge/guitar/getting-started,,skip-video,Song and children's song video lessons
/muuvtube/laer-sange-med-2-akkorder.html,134,3315,9.47,,/knowledge/guitar/getting-started,/knowledge/guitar/easy-songs,create,"Easy guitar songs by number of chords (chords only, no lyrics)"
/selvstudie/guitar/stem-guitar.html,130,12834,8.33,,/knowledge/guitar/tuning,,exists,
/blog/saadan-opbygger-du-gode-akkordrundgange-ved-hjaelp-af-kvintcirklen.html,130,4976,10.39,,/knowledge/theory/circle-of-fifths,,exists,
/selvstudie/instrumenter/guitar/tabulatur.html,128,6671,10.81,,/knowledge/guitar/reading-tabs,,exists,
/blog/gode-hjemmesider-og-apps-for-nybegyndere-paa-guitar.html,128,5604,8.85,,/knowledge/guitar/getting-started,,exists,Guitar beginner blog posts
/selvstudie/guitar/akkorder.html,126,8968,4.84,2,/knowledge/guitar/chords,,exists,
/muuvtube/video/se-den-lille-kattekilling.html,125,10287,8,,/knowledge/guitar/getting-started,,skip-video,Song and children's song video lessons
/shop/harmonika/piano.html,122,5025,15.49,,/,,skip-shop,Shop pages (no shop on Trenodo)
/shop/produkt/951-ringway-tg8852.html,122,1096,14.22,,/,,skip-shop,Shop pages (no shop on Trenodo)
/selvstudie/instrumenter/guitar/akkorder/a-akkord-variationer.html,121,20799,6.38,,/knowledge/guitar/chords/a,,exists,Chord shapes for one root
/muuvtube/video/kim-larsen-this-is-my-life.html,121,8474,8.16,,/knowledge/guitar/getting-started,,skip-video,Song and children's song video lessons
/muuvtube/video/metallica-nothing-else-matters.html,113,2722,10.52,,/knowledge/guitar/getting-started,,skip-video,Song and children's song video lessons
/selvstudie/instrumenter/guitar/akkorder/f-akkord-varationer.html,109,21693,5.91,,/knowledge/guitar/chords/f,,exists,Chord shapes for one root
/data/material/chords/animals-house-of-the-rising-sun-akkorder.pdf,106,5451,12.31,,/knowledge/guitar/chords,/knowledge/guitar/easy-songs,create,International chord sheets: point to easy songs
/selvstudie/guitar/transponering.html,105,6924,5.47,,/knowledge/guitar/transposing,,exists,
/selvstudie/tips-guides/guide-til-musikere-markedsfoering-paa-sociale-medier.html,101,6838,27.81,,/knowledge/promote,/knowledge/promote/social-media,create,Social media for musicians
/selvstudie/instrumenter/guitar/akkorder/e-akkord-variationer.html,92,22241,5.9,,/knowledge/guitar/chords/e,,exists,Chord shapes for one root
/muuvtube/video/der-sad-to-katte-paa-et-bord.html,89,3620,7.05,,/knowledge/guitar/getting-started,,skip-video,Song and children's song video lessons
/selvstudie/trommer/trommesaettets-opbygning.html,87,12605,8.92,,/knowledge/drums,/knowledge/drums/anatomy,create,"The drum kit, piece by piece"
/muuvtube/video/mariehoenen-evigglad.html,86,14784,5.4,,/knowledge/guitar/getting-started,,skip-video,Song and children's song video lessons
/selvstudie/instrumenter/guitar/kend-gribebraettet.html,85,16612,7.7,,/knowledge/guitar,/knowledge/guitar/fretboard,create,Learn the fretboard
/muuvtube/video/i-skovens-dybe-stille-ro.html,85,4547,7.06,,/knowledge/guitar/getting-started,,skip-video,Song and children's song video lessons
/undervisning/mundharmonika.html,85,1533,15.99,,/tutoring,,tutoring,Teacher profiles and lesson pages
/shop/produkt/985-yamaha-p-125-wh.html,85,2971,6.37,,/,,skip-shop,Shop pages (no shop on Trenodo)
/muuvtube/video/kim-larsen-jyllingevej.html,83,5460,8.49,,/knowledge/guitar/getting-started,,skip-video,Song and children's song video lessons
/blog/gode-apps-til-musikere-paa-farten.html,83,3651,8.6,,/knowledge,,misc,Other blog posts
/musikunderviser/anne-draeby-lunell-763.html,82,2410,19.07,,/tutoring,,tutoring,Teacher profiles and lesson pages
/shop/guitar/bedste-guitar.html,77,4299,14.04,,/,,skip-shop,Shop pages (no shop on Trenodo)
/selvstudie/instrumenter/lydstudie/indretning.html,76,4007,21.8,,/knowledge/record/studio-setup,,exists,
/selvstudie/instrumenter/sang/funktioner.html,76,2596,9.22,,/knowledge/vocals/vocal-registers,,exists,
/undervisning/saekkepibe.html,76,892,4.5,,/tutoring,,tutoring,Teacher profiles and lesson pages
/blog/nye-kriterier-for-guld-og-platin.html,75,7237,5.79,,/,,skip-danish,Danish TV/charts
/muuvtube/video/kim-larsen-flyvere-i-natten.html,73,4370,9.31,,/knowledge/guitar/getting-started,,skip-video,Song and children's song video lessons
/selvstudie/instrumenter/guitar/skift-strenge.html,71,6616,9.62,,/knowledge/guitar/changing-strings,,exists,
/blog/musikinspiration-bjoernskov-taender-lys.html,71,3601,7.29,,/spotlight,,spotlight,Artist features
/selvstudie/musikteori/becifring.html,70,6393,5.33,,/knowledge/theory/chord-notation,,exists,
/selvstudie/instrumenter/guitar/koeb-din-foerste-guitar.html,69,6147,9.8,,/knowledge/guitar/getting-started,/knowledge/guitar/buying-your-first-guitar,create,Buying your first guitar (and what to buy with it)
/shop/produkt/1714-furch-d19-cm-cut-lr-baggs-stage-pro-element.html,69,822,3.89,,/,,skip-shop,Shop pages (no shop on Trenodo)
/shop/violin/buer.html,66,3421,7.04,,/,,skip-shop,Shop pages (no shop on Trenodo)
/undervisning/dj.html,65,2387,33.08,,/tutoring,,tutoring,Teacher profiles and lesson pages
/blog/hvor-lang-tid-tager-det-at-blive-god-til-at-spille-guitar.html,64,4688,8.94,,/knowledge/guitar/getting-started,,exists,Guitar beginner blog posts
/selvstudie/musikteori.html,64,3628,10.83,,/knowledge/theory,,exists,
/selvstudie/tips-guides/pressekit.html,63,1146,12.95,,/knowledge/promote/press-kit,,exists,
/guides/pressekit.html,61,1349,8.61,,/knowledge/promote/press-kit,,exists,
/blog/oev-elguitar-med-hovedtelefoner-for-under-300-kr.html,61,1272,9.32,,/knowledge/guitar/getting-started,,exists,Guitar beginner blog posts
/selvstudie/guitar/generelt-om-guitaren.html,60,5705,7.1,,/knowledge/guitar/anatomy,,exists,
/muuvtube/video/bjoernen-sover.html,59,3798,7.28,,/knowledge/guitar/getting-started,,skip-video,Song and children's song video lessons
/blog/5-gode-steder-hvor-du-kan-finde-brugte-musikinstrumenter.html,59,2886,19.26,,/knowledge,,misc,Other blog posts
/selvstudie/lydstudie/indretning.html,58,2244,9.29,,/knowledge/record/studio-setup,,exists,
/undervisning/orgel.html,58,656,8.89,,/tutoring,,tutoring,Teacher profiles and lesson pages
/selvstudie/guitar/tabulatur.html,57,6069,8.02,,/knowledge/guitar/reading-tabs,,exists,
/muuvtube/video/kim-larsen-jutlandia.html,56,11378,5.84,,/knowledge/guitar/getting-started,,skip-video,Song and children's song video lessons
/selvstudie/guitar.html,56,10840,15.88,,/knowledge/guitar,,exists,
/selvstudie/instrumenter/guitar/akkorder/f-kryds-akkord-variationer.html,54,10328,7.39,,/knowledge/guitar/chords/f-sharp,,exists,Chord shapes for one root
/muuvtube/video/oasis-wonderwall.html,54,2885,8.54,,/knowledge/guitar/getting-started,,skip-video,Song and children's song video lessons
/muuvtube/video/kashmir-lampshade.html,54,2554,6.12,,/knowledge/guitar/getting-started,,skip-video,Song and children's song video lessons
/musikunderviser/lars-emil-riis-727.html,54,442,4.79,,/tutoring,,tutoring,Teacher profiles and lesson pages
/blog/hvad-koster-privat-musikundervisning.html,53,3132,7.53,,/tutoring,/knowledge/teach/pricing-lessons,create,What music lessons cost / what to charge
/blog.html,52,944,10.7,,/knowledge,,misc,Other blog posts
/musikunderviser/joanna-kukuczka-297.html,52,4305,7.59,,/tutoring,,tutoring,Teacher profiles and lesson pages
/undervisning/sang.html,51,12641,22.39,,/tutoring,,tutoring,Teacher profiles and lesson pages
/selvstudie/guitar/skift-strenge.html,51,6799,7.48,,/knowledge/guitar/changing-strings,,exists,
/selvstudie/instrumenter/bas/basguitarens-opbygning.html,51,5182,10.05,,/knowledge/bass/anatomy,,exists,
/selvstudie/tips-guides/guide-tips-til-at-saelge-musik-online.html,50,3731,10.85,,/knowledge/promote,/knowledge/promote/release-your-music,create,"Release your music on Spotify, Apple Music and the rest"
/undervisning/dj/aarhus.html,50,2096,35.62,,/tutoring,,tutoring,Teacher profiles and lesson pages
/selvstudie/instrumenter/lydstudie/software.html,49,4600,16.67,,/knowledge/record/choosing-software,,exists,
/shop/violin/boerne.html,49,2728,7.43,,/,,skip-shop,Shop pages (no shop on Trenodo)
/selvstudie/trommer/trommerytmer.html,49,1956,7.8,,/knowledge/drums,/knowledge/drums/beats,create,Basic drum beats
/muuvtube/video/gulddreng-se-mig-nu.html,48,6994,6.86,,/knowledge/guitar/getting-started,,skip-video,Song and children's song video lessons
/selvstudie/instrumenter/trommer/trommerytmer.html,48,2805,24.9,,/knowledge/drums,/knowledge/drums/beats,create,Basic drum beats
/selvstudie/instrumenter/klaver/generelt-om-klaver.html,47,10760,8.57,,/knowledge/piano/anatomy,,exists,
/selvstudie/musikteori/overtoner.html,47,5277,7.87,,/knowledge/theory/overtones,,exists,
/undervisning/lydteknik.html,47,641,18.05,,/tutoring,,tutoring,Teacher profiles and lesson pages
/blog/gode-musikinstrumenter-til-sommeren-nemme-at-tage-med-og-oeve-udendoers.html,46,6493,11.08,,/knowledge,,misc,Other blog posts
/selvstudie/instrumenter/guitar/akkorder/c-kryds-akkord-variationer.html,45,5938,7.78,,/knowledge/guitar/chords/c-sharp,,exists,Chord shapes for one root
/selvstudie/instrumenter/guitar/akkorder/g-kryds-akkord-variationer.html,44,8190,8.45,,/knowledge/guitar/chords/a-flat,,exists,Chord shapes for one root
/undervisning/genre/jazz.html,44,1023,17.4,,/tutoring,,tutoring,Teacher profiles and lesson pages
/undervisning/genre/opera.html,44,645,18.64,,/tutoring,,tutoring,Teacher profiles and lesson pages
/selvstudie/ordbog/j-s/kammertonen.html,43,17478,6.53,,/knowledge/theory/concert-pitch,,exists,
/blog/opsamlingsindlaeg-toppen-af-poppen-2021.html,43,8779,9.32,,/,,skip-danish,Danish TV/charts
/undervisning/guitar.html,42,6083,16.56,,/tutoring,,tutoring,Teacher profiles and lesson pages
/musikunderviser/nadim-mahmoud-1308.html,42,458,1.85,,/tutoring,,tutoring,Teacher profiles and lesson pages
/selvstudie/lydstudie/software.html,41,5517,9.31,,/knowledge/record/choosing-software,,exists,
/shop/produkt/714-santana-8a.html,41,141,4.66,,/,,skip-shop,Shop pages (no shop on Trenodo)
/muuvtube/video/kim-larsen-byens-hotel.html,40,4973,9.93,,/knowledge/guitar/getting-started,,skip-video,Song and children's song video lessons
/shop/produkt/2327-startpakke-ringway-ck62plus.html,40,296,6.59,,/,,skip-shop,Shop pages (no shop on Trenodo)
/muuvtube/video/beatles-let-it-be.html,39,2255,7.54,,/knowledge/guitar/getting-started,,skip-video,Song and children's song video lessons
/muuvtube/video/melodi-puff-den-magiske-drage.html,38,11310,9.29,,/knowledge/guitar/getting-started,,skip-video,Song and children's song video lessons
/selvstudie/bas/basguitarens-opbygning.html,38,3251,7.88,,/knowledge/bass/anatomy,,exists,
/selvstudie/sang/funktioner.html,38,1753,6.22,,/knowledge/vocals/vocal-registers,,exists,
/undervisning/genre/metal.html,37,334,14.21,,/tutoring,,tutoring,Teacher profiles and lesson pages
/shop/violin/strenge.html,36,5956,17.8,,/,,skip-shop,Shop pages (no shop on Trenodo)
/undervisning/trommer.html,36,2823,16.95,,/tutoring,,tutoring,Teacher profiles and lesson pages
/muuvtube/laer-danske-sange-paa-guitar.html,36,1948,11.87,,/knowledge/guitar/getting-started,/knowledge/guitar/easy-songs,create,"Easy guitar songs by number of chords (chords only, no lyrics)"
/selvstudie/instrumenter/trommer/stikteknik/paraddile.html,36,688,3.32,,/knowledge/drums,/knowledge/drums/rudiments,create,Sticking and rudiments (paradiddle and friends)
/musikunderviser/asger-rosendal-thorn-768.html,36,433,36.41,,/tutoring,,tutoring,Teacher profiles and lesson pages
/shop/guitar/yamaha.html,35,5268,9.11,,/,,skip-shop,Shop pages (no shop on Trenodo)
/selvstudie/tips-guides/saadan-bliver-du-gademusiker.html,34,2311,7.44,,/knowledge/perform,/knowledge/perform/busking,create,Busking
/muuvtube/video/jeff-buckley-hallelujah.html,33,2304,9.41,,/knowledge/guitar/getting-started,,skip-video,Song and children's song video lessons
/muuvtube/video/john-denver-take-me-home-country-roads.html,33,1401,10.53,,/knowledge/guitar/getting-started,,skip-video,Song and children's song video lessons
/blog/hvor-mange-strenge-skal-man-slaa-an-paa-de-forskellige-guitarakkorder.html,32,3578,9.36,,/knowledge/guitar/getting-started,,exists,Guitar beginner blog posts
/muuvtube/video/kim-larsen-fru-sauterne.html,32,2872,8.39,,/knowledge/guitar/getting-started,,skip-video,Song and children's song video lessons
/shop/produkt/11-startpakke-sant-guitars-ac-80-na.html,32,1746,4.06,,/,,skip-shop,Shop pages (no shop on Trenodo)
/musikunderviser/jan-ole-ettrup-789.html,32,488,3.88,,/tutoring,,tutoring,Teacher profiles and lesson pages
/blog/saa-meget-tjener-musikere-per-afspilning-paa-spotify.html,31,10262,6.87,,/knowledge/promote,/knowledge/promote/release-your-music,create,"Release your music on Spotify, Apple Music and the rest"
/shop/produkt/906-epiphone-hummingbird-pro.html,31,518,9.53,,/,,skip-shop,Shop pages (no shop on Trenodo)
/blog/hvilken-instrument-skal-man-laere-find-ud-af-det-her.html,30,5364,18.56,,/knowledge,,misc,Other blog posts
/shop/produkt/348-fender-squier-bullet-strat-ht-hss-awt.html,30,977,7.84,,/,,skip-shop,Shop pages (no shop on Trenodo)
/undervisning/panfloejte.html,30,597,18.36,,/tutoring,,tutoring,Teacher profiles and lesson pages
/musikunderviser/nicolas-valentin-1235.html,30,484,9.39,,/tutoring,,tutoring,Teacher profiles and lesson pages
/shop/produkt/2329-startpakke-ringway-tb100-standard-keyboard.html,30,173,7.05,,/,,skip-shop,Shop pages (no shop on Trenodo)
/selvstudie/instrumenter/trommer/stikteknik.html,29,1021,10.82,,/knowledge/drums,/knowledge/drums/rudiments,create,Sticking and rudiments (paradiddle and friends)
/shop/guitar/gribebraetsolie.html,29,676,6.21,,/,,skip-shop,Shop pages (no shop on Trenodo)
/blog/vil-du-laere-at-spille-guitar-laer-det-paa-kun-30-minutter-om-dagen.html,28,15081,12.82,,/knowledge/guitar/getting-started,,exists,Guitar beginner blog posts
/selvstudie/instrumenter/guitar/akkorder/d-kryds-akkord-variationer.html,28,10873,10.79,,/knowledge/guitar/chords/e-flat,,exists,Chord shapes for one root
/muuvtube/video/bob-dylan-knocking-on-heavens-door.html,28,1581,11.46,,/knowledge/guitar/getting-started,,skip-video,Song and children's song video lessons
/musikunderviser/jack-kilburn-1095.html,28,260,2.91,,/tutoring,,tutoring,Teacher profiles and lesson pages
/blog/black-friday-tilbud-paa-musikinstrumenter.html,27,990,16.68,,/knowledge,,misc,Other blog posts
/blog/det-her-tilbehoer-skal-du-koebe-naar-du-koeber-din-foerste-guitar.html,26,2038,14.27,,/knowledge/guitar/getting-started,/knowledge/guitar/buying-your-first-guitar,create,Buying your first guitar (and what to buy with it)
/muuvtube/video/elvis-presley-can-kryds-39t-help-falling-in-love.html,26,1619,9.21,,/knowledge/guitar/getting-started,,skip-video,Song and children's song video lessons
/shop/produkt/1024-norman-b18-cedar-protege.html,26,175,8.95,,/,,skip-shop,Shop pages (no shop on Trenodo)
/muuvtube/video/mads-langer-fact-fiction.html,25,3929,7.44,,/knowledge/guitar/getting-started,,skip-video,Song and children's song video lessons
/muuvtube/laer-foedselsdagssange-paa.guitar.html,25,2945,11.58,,/knowledge/guitar/getting-started,/knowledge/guitar/easy-songs,create,"Easy guitar songs by number of chords (chords only, no lyrics)"
/shop/produkt/970-yamaha-np-12-wh-piaggero.html,25,1241,15.04,,/,,skip-shop,Shop pages (no shop on Trenodo)
/selvstudie/instrumenter/sang/stoetten.html,25,755,7.12,,/knowledge/vocals/breath-support,,exists,
/undervisning/banjo.html,25,752,5.46,,/tutoring,,tutoring,Teacher profiles and lesson pages
/undervisning/jagthorn.html,25,560,6.19,,/tutoring,,tutoring,Teacher profiles and lesson pages
/shop/harmonika/boerne.html,24,941,8.72,,/,,skip-shop,Shop pages (no shop on Trenodo)
/musikunderviser/sif-sveinsdottir-282.html,24,893,12.74,,/tutoring,,tutoring,Teacher profiles and lesson pages
/shop/produkt/966-ringway-tg8862.html,24,511,11.53,,/,,skip-shop,Shop pages (no shop on Trenodo)
/undervisning/lut.html,24,356,6.74,,/tutoring,,tutoring,Teacher profiles and lesson pages
/musikunderviser/cecilie-rau-petersen-589.html,24,5965,10.31,,/tutoring,,tutoring,Teacher profiles and lesson pages
/shop/violin/akustisk.html,23,6043,13.23,,/,,skip-shop,Shop pages (no shop on Trenodo)
/musikunderviser/lise-lotte-elmelund-1046.html,23,425,7.33,,/tutoring,,tutoring,Teacher profiles and lesson pages
/musikunderviser/olga-nielsen-1118.html,23,342,4.34,,/tutoring,,tutoring,Teacher profiles and lesson pages
/musikunderviser/jasper-jagd-greve-703.html,23,210,4.64,,/tutoring,,tutoring,Teacher profiles and lesson pages
/musikunderviser/lukas-rande-123.html,23,163,12.77,,/tutoring,,tutoring,Teacher profiles and lesson pages
/musikunderviser/david-sachsenskjold-275.html,23,156,8.22,,/tutoring,,tutoring,Teacher profiles and lesson pages
/shop/violin/dele.html,22,1347,8.36,,/,,skip-shop,Shop pages (no shop on Trenodo)
/muuvtube/video/tom-dooley.html,22,1213,15.07,,/knowledge/guitar/getting-started,,skip-video,Song and children's song video lessons
/blog/fordele-ved-musikundervisning-for-boern-med-adhd.html,22,1052,21.42,,/tutoring,,tutoring,Teacher profiles and lesson pages
/undervisning/sang/horsens.html,22,935,6.5,,/tutoring,,tutoring,Teacher profiles and lesson pages
/musikunderviser/timur-allisstone-1290.html,22,213,15.54,,/tutoring,,tutoring,Teacher profiles and lesson pages
/musikunderviser/allan-jarmer-551.html,22,211,4.91,,/tutoring,,tutoring,Teacher profiles and lesson pages
/musikunderviser/alberto-malisani-484.html,22,150,5.35,,/tutoring,,tutoring,Teacher profiles and lesson pages
/selvstudie/klaver/generelt-om-klaver.html,21,6329,7.79,,/knowledge/piano/anatomy,,exists,
/undervisning/saxofon.html,21,1830,15.69,,/tutoring,,tutoring,Teacher profiles and lesson pages
/blog/5-gode-hovedtelefoner-til-studiet.html,21,964,12.25,,/knowledge/record/studio-setup,,exists,
/shop/produkt/346-fender-squier-bullet-strat-ht-hss-blk.html,21,470,20.27,,/,,skip-shop,Shop pages (no shop on Trenodo)
/shop/produkt/1095-spil-guitar-1.html,21,445,19.47,,/,,skip-shop,Shop pages (no shop on Trenodo)
/musikunderviser/soeren-vandborg-658.html,21,196,3.51,,/tutoring,,tutoring,Teacher profiles and lesson pages
/shop/klaver/elektrisk.html,20,12262,27.23,,/,,skip-shop,Shop pages (no shop on Trenodo)
/blog/kan-alle-laere-at-synge-godt.html,20,2533,9.84,,/knowledge/vocals/getting-started,,exists,
/shop/harmonika/knap.html,20,1527,9.42,,/,,skip-shop,Shop pages (no shop on Trenodo)
/shop/guitar/remme.html,20,1416,13.12,,/,,skip-shop,Shop pages (no shop on Trenodo)
/musikunderviser/frederik-nielsen-491.html,20,765,5.51,,/tutoring,,tutoring,Teacher profiles and lesson pages
/shop/produkt/166-chateau-c08-u2200-natur.html,20,335,5.87,,/,,skip-shop,Shop pages (no shop on Trenodo)
/blog/frisk-melodi-og-international-nerve-paa-ny-single-fra-the-victim.html,20,267,5.15,,/spotlight/fresh-melody-and-international-edge-on-new-single-from-the-victim,,spotlight,
/musikunderviser/aksel-striim-98.html,20,143,5.71,,/tutoring,,tutoring,Teacher profiles and lesson pages
/blog/musikinspiration-nohrland-tide.html,19,521,5.85,,/spotlight,,spotlight,Artist features
/undervisning/harpe.html,19,472,12.05,,/tutoring,,tutoring,Teacher profiles and lesson pages
/shop/produkt/283-chateau-dc30-wr.html,19,461,5.1,,/,,skip-shop,Shop pages (no shop on Trenodo)
/undervisning/mundharmonika/aarhus.html,19,172,12.98,,/tutoring,,tutoring,Teacher profiles and lesson pages
/musikunderviser/mads-skovgaard-andersen-742.html,19,170,4.8,,/tutoring,,tutoring,Teacher profiles and lesson pages
/blog/musikinspiration-sylvester-saetter-ild-til-natten.html,18,1979,9.23,,/spotlight,,spotlight,Artist features
/muuvtube/video/animals-house-of-the-rising-sun.html,18,673,7.09,,/knowledge/guitar/getting-started,,skip-video,Song and children's song video lessons
/selvstudie/sang/stoetten.html,18,540,5,,/knowledge/vocals/breath-support,,exists,
/undervisning/tuba.html,18,303,20.52,,/tutoring,,tutoring,Teacher profiles and lesson pages
/shop/violin/kasser.html,17,1083,6.39,,/,,skip-shop,Shop pages (no shop on Trenodo)
/shop/trommer/march.html,17,950,13.36,,/,,skip-shop,Shop pages (no shop on Trenodo)
/muuvtube/video/ronan-keating-when-you-say-nothing-at-all.html,17,868,12.39,,/knowledge/guitar/getting-started,,skip-video,Song and children's song video lessons
/musikunderviser/anne-lykke-langloe-876.html,17,800,15.08,,/tutoring,,tutoring,Teacher profiles and lesson pages
/undervisning/genre/blues.html,17,786,9.12,,/tutoring,,tutoring,Teacher profiles and lesson pages
/koncerter/gratis-koncerter.html,17,753,12.32,,/knowledge/perform,,skip-danish,Danish venue and shop lists
/undervisning/trompet.html,17,609,9.53,,/tutoring,,tutoring,Teacher profiles and lesson pages
/musikunderviser/david-thielke-884.html,17,438,5.87,,/tutoring,,tutoring,Teacher profiles and lesson pages
/undervisning/saxofon/roskilde.html,17,427,31.74,,/tutoring,,tutoring,Teacher profiles and lesson pages
/undervisning/sang/kolding.html,17,328,14.65,,/tutoring,,tutoring,Teacher profiles and lesson pages
/musikunderviser/julius-rene-leo-708.html,17,165,4.47,,/tutoring,,tutoring,Teacher profiles and lesson pages
/musikunderviser/patricio-moya-obel-334.html,17,129,4.06,,/tutoring,,tutoring,Teacher profiles and lesson pages
/shop/produkt/724-santana-20p-v2.html,17,47,4.11,,/,,skip-shop,Shop pages (no shop on Trenodo)
/muuvtube/laer-kim-larsen-sange-akkorder-paa-guitar.htm,16,1989,15.4,,/knowledge/guitar/getting-started,,skip-video,Song and children's song video lessons
/data/material/tabs/justin-bieber-love-yourself-tabs.pdf,16,595,12.6,,/knowledge,,misc,Other downloads
/undervisning/sitar.html,16,356,8.27,,/tutoring,,tutoring,Teacher profiles and lesson pages
/undervisning/genre/musical.html,16,286,27.94,,/tutoring,,tutoring,Teacher profiles and lesson pages
/shop/produkt/148-chateau-c08-u2100-natur.html,16,227,5.34,,/,,skip-shop,Shop pages (no shop on Trenodo)
/musikunderviser/jens-seidler-1323.html,16,166,5.48,,/tutoring,,tutoring,Teacher profiles and lesson pages
/musikunderviser/kristian-hybel-488.html,16,134,7.01,,/tutoring,,tutoring,Teacher profiles and lesson pages
/musikunderviser/peter-nielsen-379.html,16,1408,33.29,,/tutoring,,tutoring,Teacher profiles and lesson pages
/muuvtube/video/mads-langer-youre-not-alone.html,15,1391,10.11,,/knowledge/guitar/getting-started,,skip-video,Song and children's song video lessons
/undervisning/cello.html,15,1152,6.67,,/tutoring,,tutoring,Teacher profiles and lesson pages
/shop/guitar/rejse.html,15,706,10.38,,/,,skip-shop,Shop pages (no shop on Trenodo)
/shop/produkt/968-artesia-ag-30.html,15,672,20.33,,/,,skip-shop,Shop pages (no shop on Trenodo)
/selvstudie.html,15,616,5.94,1,/knowledge,,exists,
/musikunderviser/daniel-gudmundsson-1320.html,15,446,2.59,,/tutoring,,tutoring,Teacher profiles and lesson pages
/musikunderviser/alexander-bernsen-1312.html,15,177,8.01,,/tutoring,,tutoring,Teacher profiles and lesson pages
/shop/produkt/965-artesia-a20.html,15,85,6.07,,/,,skip-shop,Shop pages (no shop on Trenodo)
/selvstudie/instrumenter/bas/introduktion-til-bas.html,14,2877,15.5,,/knowledge/bass,,exists,
/undervisning/dj/odense.html,14,1854,38.21,,/tutoring,,tutoring,Teacher profiles and lesson pages
/undervisning/dj/aalborg.html,14,1378,26.55,,/tutoring,,tutoring,Teacher profiles and lesson pages
/shop/produkt/332-gibson-les-paul-studio-tribute-2019-satin-cherry-sunburst.html,14,746,24.1,,/,,skip-shop,Shop pages (no shop on Trenodo)
/shop/guitar/fingertraener.html,14,729,23.91,,/,,skip-shop,Shop pages (no shop on Trenodo)
/muuvdk/hvad-er-muuv.html,14,621,5.58,,/,,misc,About MUUV
/blog/5-fordele-og-5-ulemper-ved-en-elektrisk-guitar.html,14,542,25.95,,/knowledge/guitar/getting-started,,exists,Guitar beginner blog posts
/shop/produkt/963-ringway-rp-22.html,14,261,14.16,,/,,skip-shop,Shop pages (no shop on Trenodo)
/blog/musikinspiration-the-victim-heartaches-lows.html,14,216,8.15,,/spotlight/a-sublime-singer-songwriter-album,,spotlight,
/musikunderviser/mark-bradley-396.html,14,158,9.41,,/tutoring,,tutoring,Teacher profiles and lesson pages
/musikunderviser/matthaeus-hoermann-1307.html,14,153,43.52,,/tutoring,,tutoring,Teacher profiles and lesson pages
/musikunderviser/toke-glaesel-895.html,14,125,4.34,,/tutoring,,tutoring,Teacher profiles and lesson pages
/shop/produkt/959-artesia-dp-2.html,14,117,6.61,,/,,skip-shop,Shop pages (no shop on Trenodo)
/shop/produkt/947-artesia-pa-88hplus.html,14,105,6.64,,/,,skip-shop,Shop pages (no shop on Trenodo)
/musikunderviser/nis-villads-husum-507.html,14,71,10.15,,/tutoring,,tutoring,Teacher profiles and lesson pages
/shop/banjo.html,13,2357,19.59,,/,,skip-shop,Shop pages (no shop on Trenodo)
/blog/musikinspiration-sarah-faerch-hvem-er-jeg-nu.html,13,1254,6.88,,/spotlight,,spotlight,Artist features
/blog/saadan-laerer-du-at-spille-trommer-uden-at-miste-takten-eller-taalmodigheden.html,13,1189,11.43,,/knowledge/drums,,exists,
/selvstudie/instrumenter/sang/effekter.html,13,994,8.98,,/knowledge/vocals,,exists,
/shop/ukulele/elektrisk.html,13,993,33.28,,/,,skip-shop,Shop pages (no shop on Trenodo)
/blog/7-musikere-der-har-aendret-den-maade-vi-navngiver-vores-boern-paa.html,13,571,9.86,,/knowledge,,misc,Other blog posts
/undervisning/klaver/gentofte.html,13,508,23.75,,/tutoring,,tutoring,Teacher profiles and lesson pages
/shop/mandolin/tasker-og-kasser.html,13,275,5.3,,/,,skip-shop,Shop pages (no shop on Trenodo)
/shop/produkt/955-yamaha-apx-600-vw.html,13,233,13.95,,/,,skip-shop,Shop pages (no shop on Trenodo)
/shop/produkt/971-yamaha-np-12b-piaggero.html,13,211,9.51,,/,,skip-shop,Shop pages (no shop on Trenodo)
/musikunderviser/louise-boye-manhart-1099.html,13,179,5.83,,/tutoring,,tutoring,Teacher profiles and lesson pages
/musikunderviser/frederik-doej-erforth-larsen-1191.html,13,133,5.38,,/tutoring,,tutoring,Teacher profiles and lesson pages
/shop/guitar/western.html,12,2298,22.86,,/,,skip-shop,Shop pages (no shop on Trenodo)
/blog/musikinspiration-jens-konrad-se-hinanden-igen.html,12,2132,6.75,,/spotlight,,spotlight,Artist features
/shop/guitar/gibson.html,12,1756,26.62,,/,,skip-shop,Shop pages (no shop on Trenodo)
/blog/saadan-tjener-du-penge-paa-din-musik.html,12,1284,6.04,,/knowledge/promote,/knowledge/promote/release-your-music,create,"Release your music on Spotify, Apple Music and the rest"
/data/material/chords/oasis-wonderwall-akkorder.pdf,12,1173,15.99,,/knowledge/guitar/chords,/knowledge/guitar/easy-songs,create,International chord sheets: point to easy songs
/shop/produkt/3046-yamaha-c40.html,12,1147,9.91,,/,,skip-shop,Shop pages (no shop on Trenodo)
/selvstudie/trommer/stikteknik.html,12,1053,15.22,,/knowledge/drums,/knowledge/drums/rudiments,create,Sticking and rudiments (paradiddle and friends)
/undervisning/klarinet.html,12,690,27.11,,/tutoring,,tutoring,Teacher profiles and lesson pages
/undervisning/harmonika.html,12,670,11.64,,/tutoring,,tutoring,Teacher profiles and lesson pages
/shop/produkt/126-shelter-uk1s-wh-hvid.html,12,630,47.07,,/,,skip-shop,Shop pages (no shop on Trenodo)
/musikunderviser/stine-primdahl-1298.html,12,540,7.86,,/tutoring,,tutoring,Teacher profiles and lesson pages
/shop/produkt/1688-taylor-110e-walnut.html,12,522,9.46,,/,,skip-shop,Shop pages (no shop on Trenodo)
/musikunderviser/jacob-falk-191.html,12,425,9.5,,/tutoring,,tutoring,Teacher profiles and lesson pages
/undervisning/kontrabas.html,12,351,14.31,,/tutoring,,tutoring,Teacher profiles and lesson pages
/selvstudie/trommer/stikteknik/paraddile.html,12,294,8.28,,/knowledge/drums,/knowledge/drums/rudiments,create,Sticking and rudiments (paradiddle and friends)
/undervisning/obo.html,12,294,28.85,,/tutoring,,tutoring,Teacher profiles and lesson pages
/shop/produkt/startpakke-sant-ac-80-vs-western-guitar-sunburst.html,12,260,6.68,,/,,skip-shop,Shop pages (no shop on Trenodo)
/musikunderviser/miguel-vandborg-1294.html,12,238,3.7,,/tutoring,,tutoring,Teacher profiles and lesson pages
/musikunderviser/peter-tinning-353.html,12,192,20.41,,/tutoring,,tutoring,Teacher profiles and lesson pages
/shop/produkt/2325-ringway-k35.html,12,168,9.58,,/,,skip-shop,Shop pages (no shop on Trenodo)
/musikunderviser/michael-pesek-769.html,12,155,6.74,,/tutoring,,tutoring,Teacher profiles and lesson pages
/musikunderviser/peter-suwalski-55.html,12,148,4.97,,/tutoring,,tutoring,Teacher profiles and lesson pages
/shop/produkt/1311-dg-electronics-ag-30.html,12,102,9.32,,/,,skip-shop,Shop pages (no shop on Trenodo)
/musikunderviser/verena-pratissoli-1309.html,12,86,2.28,,/tutoring,,tutoring,Teacher profiles and lesson pages
/undervisning/harmonika/vejle.html,12,65,13.43,,/tutoring,,tutoring,Teacher profiles and lesson pages
/shop/produkt/324-epiphone-casino-sunburst.html,12,385,16.63,,/,,skip-shop,Shop pages (no shop on Trenodo)
/shop/guitar/elektrisk.html,11,3735,29.6,,/,,skip-shop,Shop pages (no shop on Trenodo)
/selvstudie/sang/effekter.html,11,1006,7.45,,/knowledge/vocals,,exists,
/muuvtube/video/jason-mraz-im-yours.html,11,959,17.77,,/knowledge/guitar/getting-started,,skip-video,Song and children's song video lessons
/undervisning/klaver/odense.html,11,716,17.13,,/tutoring,,tutoring,Teacher profiles and lesson pages
/musikunderviser/kristian-rasmussen-781.html,11,703,4.69,,/tutoring,,tutoring,Teacher profiles and lesson pages
/musikunderviser/rasmus-bogoe-938.html,11,424,26.63,,/tutoring,,tutoring,Teacher profiles and lesson pages
/undervisning/sang/herning.html,11,244,13.98,,/tutoring,,tutoring,Teacher profiles and lesson pages
/musikunderviser/carmen-connie-sommer-861.html,11,236,15.47,,/tutoring,,tutoring,Teacher profiles and lesson pages
/musikunderviser/tina-lohmann-653.html,11,197,3.57,,/tutoring,,tutoring,Teacher profiles and lesson pages
/musikunderviser/claus-michael-soerensen-184.html,11,165,10.18,,/tutoring,,tutoring,Teacher profiles and lesson pages
/shop/banjo/plektre.html,11,161,4.66,,/,,skip-shop,Shop pages (no shop on Trenodo)
/musikunderviser/claus-weiergang-520.html,11,154,5.55,,/tutoring,,tutoring,Teacher profiles and lesson pages
/musikunderviser/jonas-ege-153.html,11,151,7.76,,/tutoring,,tutoring,Teacher profiles and lesson pages
/undervisning/guitar/gentofte.html,11,146,11.54,,/tutoring,,tutoring,Teacher profiles and lesson pages
/undervisning/mundharmonika/odense.html,11,103,5.87,,/tutoring,,tutoring,Teacher profiles and lesson pages
/musikunderviser/mads-froberg-409.html,11,79,2.94,,/tutoring,,tutoring,Teacher profiles and lesson pages
/musikunderviser/julie-fontenay-1101.html,11,72,5.57,,/tutoring,,tutoring,Teacher profiles and lesson pages
/musikunderviser/tonny-vorrberg-430.html,11,55,4.51,,/tutoring,,tutoring,Teacher profiles and lesson pages
/shop/produkt/nord-stage-3-compact-stage-piano.html,10,1108,29.76,,/,,skip-shop,Shop pages (no shop on Trenodo)
/musikunderviser/jonas-junge-andersen-1007.html,10,866,13.49,,/tutoring,,tutoring,Teacher profiles and lesson pages
/shop/violin/startpakker.html,10,837,14.21,,/,,skip-shop,Shop pages (no shop on Trenodo)
/blog/musikinspiration-uma-kabongo-intentions-change.html,10,365,5.76,,/spotlight,,spotlight,Artist features
/musikunderviser/jens-kokholm-580.html,10,354,4.94,,/tutoring,,tutoring,Teacher profiles and lesson pages
/musikunderviser/morten-jensen-1336.html,10,353,6.78,,/tutoring,,tutoring,Teacher profiles and lesson pages
/blog/stemningsfuld-pop-med-baade-nerve-og-naervaer.html,10,349,7.79,,/spotlight/atmospheric-pop-with-both-nerve-and-presence,,spotlight,
/undervisning/keyboard.html,10,311,9.8,,/tutoring,,tutoring,Teacher profiles and lesson pages
/undervisning/guitar/horsens.html,10,296,24.05,,/tutoring,,tutoring,Teacher profiles and lesson pages
/musikunderviser/lars-falck-1279.html,10,289,7.61,,/tutoring,,tutoring,Teacher profiles and lesson pages
/undervisning/klaver/oesterbro.html,10,242,13.71,,/tutoring,,tutoring,Teacher profiles and lesson pages
/undervisning/genre/rock.html,10,225,33,,/tutoring,,tutoring,Teacher profiles and lesson pages
/shop/produkt/454-godin-a6-ultra.html,10,158,7.73,,/,,skip-shop,Shop pages (no shop on Trenodo)
/undervisning/bongo.html,10,158,18.87,,/tutoring,,tutoring,Teacher profiles and lesson pages
/musikunderviser/rasmus-nielsen-675.html,10,85,7.82,,/tutoring,,tutoring,Teacher profiles and lesson pages
/underviserforespoergsel/harpe-undervisning-koebenhavn-k-601.html,10,77,4.88,,/tutoring,,tutoring,Teacher profiles and lesson pages
/musikunderviser/kathrin-thelen-283.html,10,60,10.78,,/tutoring,,tutoring,Teacher profiles and lesson pages
/artist/mikkel-42.html,9,6515,11.15,,/spotlight,,spotlight,Artist features
/shop/guitar/fender.html,9,3598,21.76,,/,,skip-shop,Shop pages (no shop on Trenodo)
/undervisning/floejte.html,9,910,9.07,,/tutoring,,tutoring,Teacher profiles and lesson pages
/shop/basguitar/forstaerker.html,9,884,14.24,,/,,skip-shop,Shop pages (no shop on Trenodo)
/undervisning/klaver/vejle.html,9,604,23.29,,/tutoring,,tutoring,Teacher profiles and lesson pages
/shop/produkt/440-yamaha-rs-620-brb-revstar.html,9,508,22.64,,/,,skip-shop,Shop pages (no shop on Trenodo)
/undervisning/logic.html,9,405,15.49,,/tutoring,,tutoring,Teacher profiles and lesson pages
/blog/musikinspiration-johanne-tegner-paa-mig.html,9,372,8.2,1,/spotlight,,spotlight,Artist features
/artist/the-victim-52.html,9,370,8.18,,/spotlight/a-sublime-singer-songwriter-album,,spotlight,
/shop/produkt/chateau-c08-nbass4-n-akustiskbas-natur.html,9,334,6.07,,/,,skip-shop,Shop pages (no shop on Trenodo)
/musikunderviser/martin-simonsen-649.html,9,312,12.59,,/tutoring,,tutoring,Teacher profiles and lesson pages
/undervisning/klaver/herning.html,9,252,13.14,,/tutoring,,tutoring,Teacher profiles and lesson pages
/blog/musikinspiration-pallas-4-walls.html,9,221,7.4,,/spotlight,,spotlight,Artist features
/musikunderviser/lasse-sonne-737.html,9,203,6.17,,/tutoring,,tutoring,Teacher profiles and lesson pages
/undervisning/congas.html,9,164,34.44,,/tutoring,,tutoring,Teacher profiles and lesson pages
/musikunderviser/ole-visby-690.html,9,159,3.98,,/tutoring,,tutoring,Teacher profiles and lesson pages
/musikunderviser/gabriel-tuxen-1344.html,9,148,4.92,,/tutoring,,tutoring,Teacher profiles and lesson pages
/undervisning/harmonika/odense.html,9,128,14.41,,/tutoring,,tutoring,Teacher profiles and lesson pages
/shop/produkt/198-carl-martin-tod.html,9,107,7.94,,/,,skip-shop,Shop pages (no shop on Trenodo)
/shop/produkt/716-santana-st800.html,9,37,2.89,,/,,skip-shop,Shop pages (no shop on Trenodo)
/artist/jens-konrad-47.html,8,1644,10.05,,/spotlight,,spotlight,Artist features
/undervisning/basguitar.html,8,1398,25.98,,/tutoring,,tutoring,Teacher profiles and lesson pages
/shop/guitar/hovedtelefon-forstaerkere.html,8,1154,23.89,,/,,skip-shop,Shop pages (no shop on Trenodo)
/shop/produkt/382-fender-player-telecaster-mn-btb.html,8,1093,18.03,,/,,skip-shop,Shop pages (no shop on Trenodo)
/musikunderviser/jakob-soerensen-47.html,8,973,5.78,,/tutoring,,tutoring,Teacher profiles and lesson pages
/selvstudie/instrumenter/guitar/de-foerste-akkorder.html,8,748,12.62,,/knowledge/guitar,,exists,
/undervisning/klaver/aarhus.html,8,745,31.95,,/tutoring,,tutoring,Teacher profiles and lesson pages
/undervisning/klaver/horsens.html,8,706,16.17,,/tutoring,,tutoring,Teacher profiles and lesson pages
/blog/4-gode-grunde-til-at-du-skal-blive-musiker.html,8,593,12.59,,/knowledge,,misc,Other blog posts
/log-ind.html,8,558,2.3,,/account/login,,misc,Login
/blog/nye-regler-i-usa-giver-musikere-ro-i-maven.html,8,531,11.4,,/knowledge,,misc,Other blog posts
/blog/de-5-mest-almindelige-fejl-musikere-begaar-naar-de-pitcher-deres-musik-til-en-blog.html,8,379,14.65,,/knowledge/promote,,exists,
/undervisning/trommer/horsens.html,8,355,38.75,,/tutoring,,tutoring,Teacher profiles and lesson pages
/shop/mandolin/elektrisk.html,8,341,28.76,,/,,skip-shop,Shop pages (no shop on Trenodo)
/shop/mandolin/strenge.html,8,326,9.06,,/,,skip-shop,Shop pages (no shop on Trenodo)
/undervisning/marimba.html,8,255,16.62,,/tutoring,,tutoring,Teacher profiles and lesson pages
/shop/produkt/396-fender-classic-player-jazzmaster-special-pf-3ts.html,8,217,15.31,,/,,skip-shop,Shop pages (no shop on Trenodo)
/undervisning/sang/randers.html,8,216,14.95,,/tutoring,,tutoring,Teacher profiles and lesson pages
/undervisning/genre/folk.html,8,206,15.48,,/tutoring,,tutoring,Teacher profiles and lesson pages
/undervisning/guitar/randers.html,8,201,9.34,,/tutoring,,tutoring,Teacher profiles and lesson pages
/musikunderviser/krzysztof-maciejko-1302.html,8,199,7.53,,/tutoring,,tutoring,Teacher profiles and lesson pages
/musikunderviser/daniel-rasch-nielsen-1285.html,8,196,7.56,,/tutoring,,tutoring,Teacher profiles and lesson pages
/musikunderviser/roan-segers-640.html,8,194,7.96,,/tutoring,,tutoring,Teacher profiles and lesson pages
/musikunderviser/mads-joergensen-772.html,8,193,9.9,,/tutoring,,tutoring,Teacher profiles and lesson pages
/shop/produkt/392-fender-american-performer-telecaster-mn-vwt.html,8,187,13.87,,/,,skip-shop,Shop pages (no shop on Trenodo)
/shop/produkt/1475-peavey-classic-50-212-tweed.html,8,174,7.74,,/,,skip-shop,Shop pages (no shop on Trenodo)
/undervisning/ableton.html,8,172,9.56,,/tutoring,,tutoring,Teacher profiles and lesson pages
/musikunderviser/oliver-stahl-361.html,8,162,5.04,,/tutoring,,tutoring,Teacher profiles and lesson pages
/shop/produkt/1652-santana-la90bkcweq.html,8,85,12.51,,/,,skip-shop,Shop pages (no shop on Trenodo)
/musikunderviser/lukasz-borowicki-565.html,8,82,35.96,,/tutoring,,tutoring,Teacher profiles and lesson pages
/undervisning/cubase.html,8,74,11.43,,/tutoring,,tutoring,Teacher profiles and lesson pages
/undervisning/trommer/hvidovre.html,8,68,14.65,,/tutoring,,tutoring,Teacher profiles and lesson pages
/musikunderviser/glen-michaelsen-102.html,8,711,5.32,,/tutoring,,tutoring,Teacher profiles and lesson pages
/selvstudie/bas/introduktion-til-bas.html,7,1673,14.01,,/knowledge/bass,,exists,
/blog/musik-markedsfoering-og-spillejobs.html,7,1168,15.57,,/knowledge/promote,,exists,
/blog/5-lavpraktiske-raad-til-nye-sangere.html,7,1086,17.61,,/knowledge/vocals/getting-started,,exists,
/artist/glimtvis-31.html,7,1068,6.75,,/spotlight/an-epic-album-from-start-to-finish,,spotlight,
/musikunderviser/andreas-jensen-1227.html,7,1056,4.16,,/tutoring,,tutoring,Teacher profiles and lesson pages
/musikunderviser/thorkil-christensen-958.html,7,918,5.69,,/tutoring,,tutoring,Teacher profiles and lesson pages
/undervisning/musikproduktion.html,7,904,33.16,,/tutoring,,tutoring,Teacher profiles and lesson pages
/shop/banjo/5-strenget.html,7,865,27.72,,/,,skip-shop,Shop pages (no shop on Trenodo)
/musikunderviser/sofus-emil-soerensen-1338.html,7,629,5.35,,/tutoring,,tutoring,Teacher profiles and lesson pages
/undervisning/sang/aarhus.html,7,616,19.72,,/tutoring,,tutoring,Teacher profiles and lesson pages
/blog/lad-vaere-med-at-haane-publikum.html,7,572,12.22,,/knowledge,,misc,Other blog posts
/artist/elias-bendix-17.html,7,526,9.11,,/spotlight,,spotlight,Artist features
/muuvtube/video/radiohead-creep.html,7,521,7.29,,/knowledge/guitar/getting-started,,skip-video,Song and children's song video lessons
/blog/musik-goer-dig-klogere.html,7,509,9.98,,/knowledge,,misc,Other blog posts
/musikunderviser/annette-trollegaard-lorentzen-134.html,7,455,14.62,,/tutoring,,tutoring,Teacher profiles and lesson pages
/artist/uma-kabongo-46.html,7,449,8.56,,/spotlight,,spotlight,Artist features
/data/material/chords/snow-patrol-chasing-cars-akkorder.pdf,7,423,39.77,,/knowledge/guitar/chords,/knowledge/guitar/easy-songs,create,International chord sheets: point to easy songs
/musikunderviser/peter-moelgaard-66.html,7,420,5.45,,/tutoring,,tutoring,Teacher profiles and lesson pages
/artist/tina-stachowiak-41.html,7,375,5.17,,/spotlight,,spotlight,Artist features
/musikunderviser/henrik-bonne-240.html,7,366,6.22,,/tutoring,,tutoring,Teacher profiles and lesson pages
/shop/violin/skulderstoetter.html,7,343,16.64,,/,,skip-shop,Shop pages (no shop on Trenodo)
/shop/produkt/322-epiphone-les-paul-standard-plustop-pro.html,7,337,10.25,,/,,skip-shop,Shop pages (no shop on Trenodo)
/musikunderviser/aria-farjadi-32.html,7,260,5.68,,/tutoring,,tutoring,Teacher profiles and lesson pages
/shop/produkt/2342-yamaha-psr-e363.html,7,260,9.15,,/,,skip-shop,Shop pages (no shop on Trenodo)
/undervisning/sang/odense.html,7,240,19.67,,/tutoring,,tutoring,Teacher profiles and lesson pages
/artist/anna-schoene-58.html,7,236,5.78,,/spotlight/atmospheric-pop-with-both-nerve-and-presence,,spotlight,
/shop/produkt/1300-dg-electronics-gf-30.html,7,213,6.21,,/,,skip-shop,Shop pages (no shop on Trenodo)
/musikunderviser/oliver-hertz-1218.html,7,191,11.01,,/tutoring,,tutoring,Teacher profiles and lesson pages
/musikunderviser/lord-sebastian-groset-758.html,7,190,10.49,,/tutoring,,tutoring,Teacher profiles and lesson pages
/shop/produkt/2340-yamaha-psr-e263.html,7,188,8.35,,/,,skip-shop,Shop pages (no shop on Trenodo)
/shop/produkt/1536-sire-marcus-miller-v7-alder-4-2nd-gen-bmr.html,7,185,6.66,,/,,skip-shop,Shop pages (no shop on Trenodo)
/musikunderviser/millet-soerensen-879.html,7,174,35.08,,/tutoring,,tutoring,Teacher profiles and lesson pages
/musikunderviser/leif-hesselberg-97.html,7,158,5.46,,/tutoring,,tutoring,Teacher profiles and lesson pages
/musikunderviser/lise-rydstroem-1033.html,7,138,5.23,,/tutoring,,tutoring,Teacher profiles and lesson pages
/shop/produkt/1328-midiplus-ed-9pro.html,7,129,6.46,,/,,skip-shop,Shop pages (no shop on Trenodo)
/shop/produkt/1464-tanglewood-tw4-e-wb-winterleaf.html,7,129,6.8,,/,,skip-shop,Shop pages (no shop on Trenodo)
/shop/produkt/1087-guitarbogen-1.html,7,123,10.62,,/,,skip-shop,Shop pages (no shop on Trenodo)
/undervisning/harmonika/aalborg.html,7,119,10.62,,/tutoring,,tutoring,Teacher profiles and lesson pages
/musikunderviser/per-skriver-320.html,7,112,5.85,,/tutoring,,tutoring,Teacher profiles and lesson pages
/shop/produkt/1252-hitman-hd-3m.html,7,89,6.17,,/,,skip-shop,Shop pages (no shop on Trenodo)
/shop/produkt/2119-chateau-vch-800ly2.html,7,87,5.4,,/,,skip-shop,Shop pages (no shop on Trenodo)
/musikunderviser/nick-siriwadh-43.html,7,85,7.15,,/tutoring,,tutoring,Teacher profiles and lesson pages
/undervisning/studio-one.html,7,85,10.56,,/tutoring,,tutoring,Teacher profiles and lesson pages
/shop/produkt/347-fender-squier-bullet-strat-ht-lrl-blk.html,7,82,14.96,,/,,skip-shop,Shop pages (no shop on Trenodo)
/undervisning/saxofon/vejle.html,7,72,6.96,,/tutoring,,tutoring,Teacher profiles and lesson pages
/musikunderviser/marie-hamborg-790.html,7,48,4.69,,/tutoring,,tutoring,Teacher profiles and lesson pages
/shop/produkt/1649-yamaha-bbp34-mb.html,7,43,16.58,,/,,skip-shop,Shop pages (no shop on Trenodo)
/musikunderviser/nicholas-sundstroem-1314.html,7,29,16.03,,/tutoring,,tutoring,Teacher profiles and lesson pages
/shop/guitar/strenge/spansk.html,6,6546,12.38,,/,,skip-shop,Shop pages (no shop on Trenodo)
/artist/sylvester-larsen-38.html,6,4037,8.54,,/spotlight,,spotlight,Artist features
/shop/percussion/koklokke.html,6,2700,8.12,,/,,skip-shop,Shop pages (no shop on Trenodo)
/shop/basguitar/elektrisk.html,6,2148,30.79,,/,,skip-shop,Shop pages (no shop on Trenodo)
/shop/guitar/spansk.html,6,1988,20.2,,/,,skip-shop,Shop pages (no shop on Trenodo)
/shop/guitar/pedaler-effekter/pedalboards-og-kasser.html,6,983,18.33,,/,,skip-shop,Shop pages (no shop on Trenodo)
/musikunderviser/lasse-hansen-243.html,6,764,6.9,,/tutoring,,tutoring,Teacher profiles and lesson pages
/blog/5-fordele-boern-faar-i-skolen-naar-de-laerer-et-instrument.html,6,742,33.98,,/knowledge,,misc,Other blog posts
/blog/musikinspiration-glimtvis-long-kiss-goodnight.html,6,524,5.69,,/spotlight/an-epic-album-from-start-to-finish,,spotlight,
/shop/produkt/974-casio-cdp-130.html,6,508,9.56,,/,,skip-shop,Shop pages (no shop on Trenodo)
/shop/produkt/1036-yamaha-clp-625-r.html,6,498,26.17,,/,,skip-shop,Shop pages (no shop on Trenodo)
/muuvtube/video/louis-armstrong-what-a-wonderful-world.html,6,481,8.86,,/knowledge/guitar/getting-started,,skip-video,Song and children's song video lessons
/undervisning/sangskrivning.html,6,479,26.85,,/tutoring,,tutoring,Teacher profiles and lesson pages
/shop/produkt/arvada-vio-180l-venstrehaands-violin-4-4-pakkeloesning.html,6,461,13.9,,/,,skip-shop,Shop pages (no shop on Trenodo)
/musikunderviser/christian-frigaard-1337.html,6,378,5.56,,/tutoring,,tutoring,Teacher profiles and lesson pages
/shop/saxofon/stativ.html,6,369,11.27,,/,,skip-shop,Shop pages (no shop on Trenodo)
/shop/produkt/140-chateau-c08-u1100-gn-groen.html,6,343,3.64,,/,,skip-shop,Shop pages (no shop on Trenodo)
/musikunderviser/soeren-caspersen-937.html,6,332,17.93,,/tutoring,,tutoring,Teacher profiles and lesson pages
/musikunderviser/anette-phamuang-hansen-486.html,6,328,6.8,,/tutoring,,tutoring,Teacher profiles and lesson pages
/shop/produkt/317-epiphone-dot-ebony.html,6,320,26.12,,/,,skip-shop,Shop pages (no shop on Trenodo)
/shop/produkt/1225-george-hennesey-jbp5901-pro.html,6,284,2.07,,/,,skip-shop,Shop pages (no shop on Trenodo)
/undervisning/blokfloejte.html,6,269,28.48,,/tutoring,,tutoring,Teacher profiles and lesson pages
/undervisning/cornet.html,6,269,29.39,,/tutoring,,tutoring,Teacher profiles and lesson pages
/blog/laekker-og-sjaelfuld-udgivelse-fra-vinz.html,6,258,8.02,,/spotlight,,spotlight,Artist features
/musikunderviser/peter-bruhn-1077.html,6,251,16.99,,/tutoring,,tutoring,Teacher profiles and lesson pages
/shop/produkt/1371-martin-dx1rae.html,6,245,10.44,,/,,skip-shop,Shop pages (no shop on Trenodo)
/undervisning/guitar/oesterbro.html,6,228,12.93,,/tutoring,,tutoring,Teacher profiles and lesson pages
/undervisning/sang/roskilde.html,6,222,8.57,,/tutoring,,tutoring,Teacher profiles and lesson pages
/musikunderviser/deodato-siquir-1199.html,6,218,7.33,,/tutoring,,tutoring,Teacher profiles and lesson pages
/shop/violin/rengoering.html,6,208,7.55,,/,,skip-shop,Shop pages (no shop on Trenodo)
/blog/musikinspiration-irma-kender.html,6,201,10.6,,/spotlight,,spotlight,Artist features
/musikunderviser/andreas-bennetzen-218.html,6,198,9.23,,/tutoring,,tutoring,Teacher profiles and lesson pages
/musikunderviser/maline-heiberg-1300.html,6,186,12.71,,/tutoring,,tutoring,Teacher profiles and lesson pages
/shop/produkt/krk-rp10-3-g3-rokit.html,6,185,17.32,,/,,skip-shop,Shop pages (no shop on Trenodo)
/shop/produkt/2117-yamaha-yas-280.html,6,183,16.26,,/,,skip-shop,Shop pages (no shop on Trenodo)
/shop/produkt/333-gibson-les-paul-studio-tribute-2019-satin-iced-tea.html,6,178,51.94,,/,,skip-shop,Shop pages (no shop on Trenodo)
/musikunderviser/emil-gemmer-kromann-419.html,6,175,6.87,,/tutoring,,tutoring,Teacher profiles and lesson pages
/shop/produkt/945-artesia-pe-88.html,6,172,8.87,,/,,skip-shop,Shop pages (no shop on Trenodo)
/undervisning/banjo/koebenhavn.html,6,171,8.95,,/tutoring,,tutoring,Teacher profiles and lesson pages
/undervisning/trombone.html,6,166,17.74,,/tutoring,,tutoring,Teacher profiles and lesson pages
/undervisning/mundharmonika/online.html,6,164,5.85,,/tutoring,,tutoring,Teacher profiles and lesson pages
/blog/funky-poppet-og-fuld-af-nerve-ny-single-fra-camille-jones.html,6,159,9.53,,/spotlight,,spotlight,Artist features
/musikunderviser/galya-kolarova-1345.html,6,157,6.03,,/tutoring,,tutoring,Teacher profiles and lesson pages
/undervisning/sang/lyngby.html,6,150,9.79,,/tutoring,,tutoring,Teacher profiles and lesson pages
/undervisning/saxofon/aalborg.html,6,125,6.7,,/tutoring,,tutoring,Teacher profiles and lesson pages
/undervisning/violin/horsens.html,6,115,31.19,,/tutoring,,tutoring,Teacher profiles and lesson pages
/musikunderviser/daniel-fernandez-holdt-olesen-1155.html,6,101,7.73,,/tutoring,,tutoring,Teacher profiles and lesson pages
/shop/produkt/372-fender-player-stratocaster-pf-pwt.html,6,92,21.33,,/,,skip-shop,Shop pages (no shop on Trenodo)
/musikunderviser/frederik-wagener-1239.html,6,87,4.16,,/tutoring,,tutoring,Teacher profiles and lesson pages
/shop/produkt/1308-dg-electronics-ag-15.html,6,85,7.64,,/,,skip-shop,Shop pages (no shop on Trenodo)
/musikunderviser/sabina-damaschin-1333.html,6,80,5.56,,/tutoring,,tutoring,Teacher profiles and lesson pages
/shop/produkt/12-startpakke-street-ova-5-bk-western-guitar-sort.html,6,74,17.32,,/,,skip-shop,Shop pages (no shop on Trenodo)
/shop/produkt/25-yamaha-shs-500-b-sonogenic.html,6,73,7.38,,/,,skip-shop,Shop pages (no shop on Trenodo)
/undervisning/djembe.html,6,73,8.49,,/tutoring,,tutoring,Teacher profiles and lesson pages
/blog/musikinspiration-a-symbol-heavy-follow-the-libertine.html,6,67,11.69,,/spotlight,,spotlight,Artist features
/undervisning/harmonika/esbjerg.html,6,66,13.61,,/tutoring,,tutoring,Teacher profiles and lesson pages
/shop/produkt/954-ringway-rp-120.html,6,65,10.35,,/,,skip-shop,Shop pages (no shop on Trenodo)
/shop/produkt/2372-chateau-c08-u2300.html,6,61,4.57,,/,,skip-shop,Shop pages (no shop on Trenodo)
/underviserforespoergsel/sammenspilslaerer-hvidovre-409.html,6,57,4.68,,/tutoring,,tutoring,Teacher profiles and lesson pages
/shop/produkt/1250-hitman-drum1.html,6,51,6.75,,/,,skip-shop,Shop pages (no shop on Trenodo)
/undervisning/pro-tools.html,6,43,13.91,,/tutoring,,tutoring,Teacher profiles and lesson pages
/blog/muuv-bliver-til-trenodo.html,6,37,1.89,,/,,misc,About MUUV
/shop/produkt/curtmangan-90614-spanskguitarstrengeball-endnormal-tension.html,6,29,2.66,,/,,skip-shop,Shop pages (no shop on Trenodo)
/shop/produkt/1485-recording-king-rds-7-ts.html,6,25,12.04,,/,,skip-shop,Shop pages (no shop on Trenodo)
/shop/studie-live/audio-interface.html,5,2603,17.03,,/,,skip-shop,Shop pages (no shop on Trenodo)
/blog/dette-laerer-du-hvis-du-begynder-til-privat-klaverundervisning.html,5,2375,42.68,,/knowledge/piano,,exists,
/blog/melankolsk-energisk-og-legende-single-fra-siri-neel.html,5,2143,10.81,,/spotlight,,spotlight,Artist features
/shop/saxofon/sopran.html,5,1648,9.94,,/,,skip-shop,Shop pages (no shop on Trenodo)
/shop/percussion/congas-djember.html,5,1531,17.07,,/,,skip-shop,Shop pages (no shop on Trenodo)
/artist/kasper-buch-26.html,5,1488,6.95,,/spotlight,,spotlight,Artist features
/shop/violin/elektrisk.html,5,1482,14.43,,/,,skip-shop,Shop pages (no shop on Trenodo)
/shop/saxofon/tenor.html,5,1143,27.07,,/,,skip-shop,Shop pages (no shop on Trenodo)
/blog/musikinspiration-emilie-thorsby-fake-love.html,5,952,2.93,,/spotlight,,spotlight,Artist features
/blog/musikinspiration-kasper-buch-let-it-go.html,5,909,5.39,,/spotlight,,spotlight,Artist features
/shop/produkt/1356-martin-lx1-black-little-martin.html,5,756,19.06,,/,,skip-shop,Shop pages (no shop on Trenodo)
/blog/videolektion-4-4-rytme-med-mellemslag-paa-guitar.html,5,694,10.51,,/knowledge/guitar/getting-started,,exists,Guitar beginner blog posts
/blog/musikinspiration-theresa-rex-say-something.html,5,662,9.93,,/spotlight,,spotlight,Artist features
/blog/musikinspiration-emi-wide-end-me.html,5,661,5.69,,/spotlight/a-new-delicate-pop-hit,,spotlight,
/blog/infografik-over-7000-danskere-har-talt-og-valgt-de-10-mest-populaere-musikinstrumenter.html,5,601,13.09,,/knowledge,,misc,Other blog posts
/blog/musikinspiration-glimtvis-the-nashville-confessions.html,5,580,5.25,,/spotlight/an-epic-album-from-start-to-finish,,spotlight,
/blog/musikinspiration-kasper-buch-working-hard.html,5,552,7.93,,/spotlight,,spotlight,Artist features
/undervisning/klaver/lyngby.html,5,504,8.46,,/tutoring,,tutoring,Teacher profiles and lesson pages
/undervisning/genre/hiphop-rap.html,5,495,30.04,,/tutoring,,tutoring,Teacher profiles and lesson pages
/muuvtube/video/elvis-presley-don-kryds-39t-cry-daddy.html,5,478,13.14,,/knowledge/guitar/getting-started,,skip-video,Song and children's song video lessons
/undervisning/ukulele.html,5,477,15.3,,/tutoring,,tutoring,Teacher profiles and lesson pages
/undervisning/saxofon/online.html,5,424,21.47,,/tutoring,,tutoring,Teacher profiles and lesson pages
/musikunderviser/nanna-bondesen-683.html,5,374,28.31,,/tutoring,,tutoring,Teacher profiles and lesson pages
/selvstudie/instrumenter/klaver.html,5,347,26.65,,/knowledge/piano,,exists,
/undervisning/klaver/roskilde.html,5,338,35.41,,/tutoring,,tutoring,Teacher profiles and lesson pages
/undervisning/sang/oesterbro.html,5,324,37.53,,/tutoring,,tutoring,Teacher profiles and lesson pages
/shop/produkt/1558-sire-marcus-miller-v7-vintage-alder-4-2nd-gen-bk.html,5,313,9.57,,/,,skip-shop,Shop pages (no shop on Trenodo)
/undervisning/klaver/randers.html,5,271,10.42,,/tutoring,,tutoring,Teacher profiles and lesson pages
/undervisning/mandolin.html,5,258,16.34,,/tutoring,,tutoring,Teacher profiles and lesson pages
/shop/produkt/2350-yamaha-psr-e463.html,5,240,9.1,,/,,skip-shop,Shop pages (no shop on Trenodo)
/undervisning/harmonika/aarhus.html,5,235,48.06,,/tutoring,,tutoring,Teacher profiles and lesson pages
/musikunderviser/xeniya-volik-1282.html,5,227,7.07,,/tutoring,,tutoring,Teacher profiles and lesson pages
/undervisning/basguitar/roskilde.html,5,217,25.07,,/tutoring,,tutoring,Teacher profiles and lesson pages
/shop/produkt/2877-roc-n-soc-ms-s-o-o-r-seat-original.html,5,215,10.29,,/,,skip-shop,Shop pages (no shop on Trenodo)
/shop/produkt/1057-nord-piano-3.html,5,212,13.25,,/,,skip-shop,Shop pages (no shop on Trenodo)
/shop/produkt/418-line-6-variax-standard-sb.html,5,202,14.42,,/,,skip-shop,Shop pages (no shop on Trenodo)
/musikunderviser/jakob-lind-lauritsen-786.html,5,197,6.46,,/tutoring,,tutoring,Teacher profiles and lesson pages
/shop/produkt/345-fender-squier-bullet-strat-ht-lrl-bsb.html,5,188,11.16,,/,,skip-shop,Shop pages (no shop on Trenodo)
/undervisning/trommer/herning.html,5,187,25.2,,/tutoring,,tutoring,Teacher profiles and lesson pages
/undervisning/trommer/noerrebro.html,5,169,20.17,,/tutoring,,tutoring,Teacher profiles and lesson pages
/shop/guitar/plektre/klipper.html,5,166,22.74,,/,,skip-shop,Shop pages (no shop on Trenodo)
/musikunderviser/anita-sandhoej-598.html,5,153,23.59,,/tutoring,,tutoring,Teacher profiles and lesson pages
/shop/produkt/2049-beckett-jh3112-sort.html,5,149,12.42,,/,,skip-shop,Shop pages (no shop on Trenodo)
/shop/produkt/1032-yamaha-ydp-164-wa.html,5,148,12.25,,/,,skip-shop,Shop pages (no shop on Trenodo)
/blog/muuv-lukker-ved-udgangen-af-2025.html,5,146,3.82,,/,,misc,About MUUV
/undervisning/hoerelaere.html,5,138,15.16,,/tutoring,,tutoring,Teacher profiles and lesson pages
/undervisning/trommer/kolding.html,5,128,7.35,,/tutoring,,tutoring,Teacher profiles and lesson pages
/musikunderviser/mark-meldgaard-295.html,5,118,7.49,,/tutoring,,tutoring,Teacher profiles and lesson pages
/undervisning/trommer/esbjerg.html,5,118,11.48,,/tutoring,,tutoring,Teacher profiles and lesson pages
/musikunderviser/johan-granberg-316.html,5,116,9.47,,/tutoring,,tutoring,Teacher profiles and lesson pages
/shop/produkt/944-artesia-performer-bk-plus-st1.html,5,114,7.44,,/,,skip-shop,Shop pages (no shop on Trenodo)
/undervisning/violin/roskilde.html,5,114,16.07,,/tutoring,,tutoring,Teacher profiles and lesson pages
/shop/produkt/1059-nord-piano-4.html,5,111,22.28,,/,,skip-shop,Shop pages (no shop on Trenodo)
/musikunderviser/mads-hyttel-1186.html,5,105,3.64,,/tutoring,,tutoring,Teacher profiles and lesson pages
/shop/produkt/2055-beckett-jh2017-roed.html,5,100,6.59,,/,,skip-shop,Shop pages (no shop on Trenodo)
/musikunderviser/connie-hartvigsen-1050.html,5,95,6.91,,/tutoring,,tutoring,Teacher profiles and lesson pages
/musikunderviser/allan-engvang-frandsen-539.html,5,79,7.76,,/tutoring,,tutoring,Teacher profiles and lesson pages
/shop/produkt/1360-acus-one-for-all-wood.html,5,76,21.5,,/,,skip-shop,Shop pages (no shop on Trenodo)
/undervisning/harmonika/horsens.html,5,73,26.82,,/tutoring,,tutoring,Teacher profiles and lesson pages
/undervisning/basguitar/kolding.html,5,71,10.35,,/tutoring,,tutoring,Teacher profiles and lesson pages
/shop/produkt/167-fzone-fzu-07m.html,5,68,7.88,,/,,skip-shop,Shop pages (no shop on Trenodo)
/undervisning/saxofon/lyngby.html,5,61,11.62,,/tutoring,,tutoring,Teacher profiles and lesson pages
/undervisning/sangskrivning/herning.html,5,52,11.19,,/tutoring,,tutoring,Teacher profiles and lesson pages
/shop/produkt/shure-ksm8-b.html,5,50,12.06,,/,,skip-shop,Shop pages (no shop on Trenodo)
/musikunderviser/mie-corydon-1217.html,5,50,13.06,,/tutoring,,tutoring,Teacher profiles and lesson pages
/undervisning/mundharmonika/aalborg.html,5,42,6.12,,/tutoring,,tutoring,Teacher profiles and lesson pages
/undervisning/klarinet/aalborg.html,5,30,5.3,,/tutoring,,tutoring,Teacher profiles and lesson pages
/shop/produkt/104-the-loar-lm-700-vs.html,5,30,13.27,,/,,skip-shop,Shop pages (no shop on Trenodo)
/shop/produkt/749-sant-guitars-sj-99-sunburst.html,5,27,6.04,,/,,skip-shop,Shop pages (no shop on Trenodo)
/undervisning/banjo/roskilde.html,5,21,39.67,,/tutoring,,tutoring,Teacher profiles and lesson pages
/shop/produkt/168-fzone-fzu-06m.html,5,15,8.13,,/,,skip-shop,Shop pages (no shop on Trenodo)
/shop/trommer/trommesaet.html,4,3110,31.73,,/,,skip-shop,Shop pages (no shop on Trenodo)
/artist/camille-jones-55.html,4,3048,6.75,,/spotlight,,spotlight,Artist features
/shop/klaver/nodeboeger.html,4,1934,24.41,,/,,skip-shop,Shop pages (no shop on Trenodo)
/shop/guitar/pedaler-effekter/wah-wah.html,4,1360,25.47,,/,,skip-shop,Shop pages (no shop on Trenodo)
/undervisning/klaver/online.html,4,1349,22.67,,/tutoring,,tutoring,Teacher profiles and lesson pages
/shop/trommer/stortromme.html,4,1254,9.72,,/,,skip-shop,Shop pages (no shop on Trenodo)
/blog/hvilken-type-musikundervisning-skal-man-vaelge-faa-et-overblik-her.html,4,1229,61.87,,/tutoring,,tutoring,Teacher profiles and lesson pages
/artist/emilie-thorsby-33.html,4,964,9.2,,/spotlight,,spotlight,Artist features
/shop/guitar/plektre.html,4,925,28.45,,/,,skip-shop,Shop pages (no shop on Trenodo)
/shop/percussion/tamburin.html,4,905,22.14,,/,,skip-shop,Shop pages (no shop on Trenodo)
/selvstudie/instrumenter/trommer/stikteknik/dobbeltslag.html,4,829,7.63,,/knowledge/drums,/knowledge/drums/rudiments,create,Sticking and rudiments (paradiddle and friends)
/blog/musikinspiration-cindy-chiche-dehydrated.html,4,822,8.78,,/spotlight,,spotlight,Artist features
/shop/trommer/tilbehoer/trommeskind.html,4,644,22.68,,/,,skip-shop,Shop pages (no shop on Trenodo)
/shop/produkt/1034-yamaha-clp-625-b.html,4,643,38.42,,/,,skip-shop,Shop pages (no shop on Trenodo)
/shop/guitar/kabler.html,4,593,17.48,,/,,skip-shop,Shop pages (no shop on Trenodo)
/shop/guitar/pedaler-effekter/multieffekt.html,4,552,29.03,,/,,skip-shop,Shop pages (no shop on Trenodo)
/muuvdk/kontakt.html,4,537,2.79,,/,,misc,About MUUV
/musikunderviser/karsten-bach-1332.html,4,521,8.35,,/tutoring,,tutoring,Teacher profiles and lesson pages
/blog/fordele-ved-at-tage-musikundervisning.html,4,457,56.25,,/tutoring,,tutoring,Teacher profiles and lesson pages
/muuvtube/video/snow-patrol-chasing-cars.html,4,452,17.03,,/knowledge/guitar/getting-started,,skip-video,Song and children's song video lessons
/musikunderviser/henrik-deleuran-280.html,4,442,4.69,,/tutoring,,tutoring,Teacher profiles and lesson pages
/blog/musikinspiration-tina-stachowiak-lose-somebody.html,4,415,5.05,,/spotlight,,spotlight,Artist features
/shop/produkt/1611-fender-player-precision-bass-mn-3ts.html,4,396,26.19,,/,,skip-shop,Shop pages (no shop on Trenodo)
/selvstudie/instrumenter/guitar/videolektioner.html,4,391,22.67,,/knowledge/guitar,,exists,
/shop/ukulele/bas.html,4,388,18.24,,/,,skip-shop,Shop pages (no shop on Trenodo)
/blog/musikinspiration-maaneland-noeglehullet.html,4,367,3.98,,/spotlight,,spotlight,Artist features
/musikunderviser/pedro-oyarzo-v-1257.html,4,341,8.72,,/tutoring,,tutoring,Teacher profiles and lesson pages
/musikunderviser/marco-martiri-778.html,4,332,8.71,,/tutoring,,tutoring,Teacher profiles and lesson pages
/undervisning/sang/esbjerg.html,4,304,10.77,,/tutoring,,tutoring,Teacher profiles and lesson pages
/underviserforespoergsel/sangundervisning-vejle-299.html,4,302,29.8,,/tutoring,,tutoring,Teacher profiles and lesson pages
/undervisning/klaver/amager.html,4,293,10.73,,/tutoring,,tutoring,Teacher profiles and lesson pages
/shop/produkt/1013-yamaha-ydp-144-r.html,4,277,8.7,,/,,skip-shop,Shop pages (no shop on Trenodo)
/blog/7-sjove-tricks-til-at-styrke-din-hukommelse.html,4,273,21.59,,/knowledge,,misc,Other blog posts
/selvstudie/klaver.html,4,247,16.62,,/knowledge/piano,,exists,
/undervisning/harmonika/koebenhavn.html,4,237,19.82,,/tutoring,,tutoring,Teacher profiles and lesson pages
/musikunderviser/anders-bak-mejlvang-285.html,4,234,4.58,,/tutoring,,tutoring,Teacher profiles and lesson pages
/blog/musikinspiration-anne-laerke-rundtosset.html,4,225,8.25,,/spotlight,,spotlight,Artist features
/shop/produkt/310-epiphone-les-paul-special-ve-black.html,4,225,18.24,,/,,skip-shop,Shop pages (no shop on Trenodo)
/undervisning/sang/hvidovre.html,4,221,50.77,,/tutoring,,tutoring,Teacher profiles and lesson pages
/undervisning/percussion.html,4,213,12.03,,/tutoring,,tutoring,Teacher profiles and lesson pages
/undervisning/saxofon/koebenhavn.html,4,213,16.85,,/tutoring,,tutoring,Teacher profiles and lesson pages
/artist/josefine-meinert-53.html,4,200,7.44,,/spotlight,,spotlight,Artist features
/undervisning/trommer/vejle.html,4,193,31.8,,/tutoring,,tutoring,Teacher profiles and lesson pages
/musikunderviser/tine-karlshoej-andersen-199.html,4,172,5.48,,/tutoring,,tutoring,Teacher profiles and lesson pages
/blog/musikinspiration-johanne-ka-du-ik-se-det.html,4,168,12.37,,/spotlight,,spotlight,Artist features
/shop/guitar/dele/broer.html,4,163,8.08,,/,,skip-shop,Shop pages (no shop on Trenodo)
/shop/produkt/757-norfolk-starter-bl-blaa.html,4,158,4.97,,/,,skip-shop,Shop pages (no shop on Trenodo)
/undervisning/violin/aalborg.html,4,155,9.81,,/tutoring,,tutoring,Teacher profiles and lesson pages
/undervisning/genre/r-og-b.html,4,154,13.22,,/tutoring,,tutoring,Teacher profiles and lesson pages
/musikunderviser/ida-camilla-broennum-1041.html,4,149,12.96,,/tutoring,,tutoring,Teacher profiles and lesson pages
/shop/produkt/1665-taylor-gs-mini-e-koa.html,4,137,13.48,,/,,skip-shop,Shop pages (no shop on Trenodo)
/musikunderviser/frederik-ebeert-264.html,4,134,12.75,,/tutoring,,tutoring,Teacher profiles and lesson pages
/musikunderviser/brian-christian-hansen-1303.html,4,127,7.26,,/tutoring,,tutoring,Teacher profiles and lesson pages
/shop/guitar/dele/knapper.html,4,127,7.39,,/,,skip-shop,Shop pages (no shop on Trenodo)
/shop/produkt/414-fender-american-original-50s-stratocaster-mn-2tsb.html,4,125,10.72,,/,,skip-shop,Shop pages (no shop on Trenodo)
/undervisning/trommer/aalborg.html,4,123,8.26,,/tutoring,,tutoring,Teacher profiles and lesson pages
/undervisning/trompet/aarhus.html,4,122,22.26,,/tutoring,,tutoring,Teacher profiles and lesson pages
/shop/produkt/986-yamaha-p-125-b.html,4,120,7.04,,/,,skip-shop,Shop pages (no shop on Trenodo)
/shop/produkt/2328-ringway-tb100.html,4,118,9.58,,/,,skip-shop,Shop pages (no shop on Trenodo)
/blog/musikinspiration-johanne-vejret-skifter.html,4,116,9.17,,/spotlight,,spotlight,Artist features
/undervisning/harmonika/roskilde.html,4,116,48.41,,/tutoring,,tutoring,Teacher profiles and lesson pages
/musikunderviser/kristoffer-kindler-463.html,4,110,6.76,,/tutoring,,tutoring,Teacher profiles and lesson pages
/blog/musikinspiration-aboen-flicker.html,4,109,10.87,,/spotlight,,spotlight,Artist features
/shop/produkt/720-santana-b8-nas-v2.html,4,106,8.45,,/,,skip-shop,Shop pages (no shop on Trenodo)
/shop/produkt/1394-roland-cube-street-ex.html,4,95,15.68,,/,,skip-shop,Shop pages (no shop on Trenodo)
/undervisning/fl-studio.html,4,94,10.29,,/tutoring,,tutoring,Teacher profiles and lesson pages
/musikunderviser/bashir-billow-1143.html,4,93,9.97,,/tutoring,,tutoring,Teacher profiles and lesson pages
/undervisning/violin/esbjerg.html,4,92,9.24,,/tutoring,,tutoring,Teacher profiles and lesson pages
/undervisning/basguitar/vejle.html,4,92,22.35,,/tutoring,,tutoring,Teacher profiles and lesson pages
/undervisning/fagot.html,4,85,11.53,,/tutoring,,tutoring,Teacher profiles and lesson pages
/undervisning/musikproduktion/esbjerg.html,4,75,17.31,,/tutoring,,tutoring,Teacher profiles and lesson pages
/musikunderviser/rasmus-nielsen-847.html,4,72,6.56,,/tutoring,,tutoring,Teacher profiles and lesson pages
/musikunderviser/mille-ildrup-keller-1130.html,4,72,49.94,,/tutoring,,tutoring,Teacher profiles and lesson pages
/undervisning/trommer/lyngby.html,4,70,11.49,,/tutoring,,tutoring,Teacher profiles and lesson pages
/shop/produkt/967-artesia-ag-50.html,4,70,17.1,,/,,skip-shop,Shop pages (no shop on Trenodo)
/shop/produkt/413-fender-american-pro-stratocaster-mn-blk.html,4,60,17,,/,,skip-shop,Shop pages (no shop on Trenodo)
/shop/produkt/1000-yamaha-ll6are.html,4,60,21.15,,/,,skip-shop,Shop pages (no shop on Trenodo)
/musikunderviser/valeria-clarinetta-conte-466.html,4,59,17.88,,/tutoring,,tutoring,Teacher profiles and lesson pages
/shop/produkt/2121-chateau-vch-t800ly2.html,4,58,5.21,,/,,skip-shop,Shop pages (no shop on Trenodo)
/musikunderviser/margrethe-bard-482.html,4,57,11.3,,/tutoring,,tutoring,Teacher profiles and lesson pages
/musikunderviser/maria-gasior-527.html,4,53,15.85,,/tutoring,,tutoring,Teacher profiles and lesson pages
/shop/produkt/1720-furch-vintage-2-om-sr-lr-baggs-vtc.html,4,50,10.58,,/,,skip-shop,Shop pages (no shop on Trenodo)
/shop/produkt/727-santana-181ec-v2.html,4,49,6.33,,/,,skip-shop,Shop pages (no shop on Trenodo)
/shop/produkt/2572-avantgarde-precision-raw-13.html,4,47,4.55,,/,,skip-shop,Shop pages (no shop on Trenodo)
/shop/produkt/1554-sire-marcus-miller-v7-swamp-ash-4-2nd-gen-nt.html,4,45,10.31,,/,,skip-shop,Shop pages (no shop on Trenodo)
/shop/produkt/703-sant-guitars-cl-62-na.html,4,44,3.7,,/,,skip-shop,Shop pages (no shop on Trenodo)
/shop/produkt/895-fender-ct-140se-sb.html,4,42,16.4,,/,,skip-shop,Shop pages (no shop on Trenodo)
/undervisning/banjo/aarhus.html,4,41,10.02,,/tutoring,,tutoring,Teacher profiles and lesson pages
/musikunderviser/jens-haugset-1096.html,4,40,6.97,,/tutoring,,tutoring,Teacher profiles and lesson pages
/undervisning/ukulele/roskilde.html,4,31,11,,/tutoring,,tutoring,Teacher profiles and lesson pages
/undervisning/cello/aalborg.html,4,26,6.58,,/tutoring,,tutoring,Teacher profiles and lesson pages
/undervisning/blokfloejte/aalborg.html,4,21,13.62,,/tutoring,,tutoring,Teacher profiles and lesson pages
/underviserforespoergsel/orgel-undervisning-koebenhavn-s-687.html,4,20,16.3,,/tutoring,,tutoring,Teacher profiles and lesson pages
/undervisning/keytar.html,4,13,5.69,,/tutoring,,tutoring,Teacher profiles and lesson pages
/artist/isse-19.html,3,5872,6.56,,/spotlight,,spotlight,Artist features
/undervisning/sang/online.html,3,2151,46.34,,/tutoring,,tutoring,Teacher profiles and lesson pages
/shop/studie-live/daw.html,3,2104,12.02,,/,,skip-shop,Shop pages (no shop on Trenodo)
/selvstudie/tips-guides/komplet-guide-saadan-tilbyder-du-musikundervisning-online.html,3,1541,25.31,,/tutoring,,tutoring,Teacher profiles and lesson pages
/artist/laerke-emilie-16.html,3,1390,8.66,,/spotlight,,spotlight,Artist features
/blog/tinderbox-danmark-nye-festival-i-europaeisk-klasse.html,3,1376,12.66,,/knowledge,,misc,Other blog posts
/shop/guitar/strenge/western.html,3,1255,15.42,,/,,skip-shop,Shop pages (no shop on Trenodo)
/shop/basguitar/akustisk.html,3,1178,30.63,,/,,skip-shop,Shop pages (no shop on Trenodo)
/koncerter/koebenhavn.html,3,1145,34.64,,/knowledge/perform,,skip-danish,Danish venue and shop lists
/shop/guitar/ibanez.html,3,920,25.48,,/,,skip-shop,Shop pages (no shop on Trenodo)
/blog/saadan-er-det-at-laere-at-spille-guitar.html,3,888,33.39,,/knowledge/guitar/getting-started,,exists,Guitar beginner blog posts
/blog/8-ting-du-kan-goere-for-at-hjaelpe-en-vaekstmusiker.html,3,886,9.3,,/knowledge,,misc,Other blog posts
/shop/guitar/dele/sadler.html,3,743,8.96,,/,,skip-shop,Shop pages (no shop on Trenodo)
/shop/guitar/slides.html,3,728,11.29,,/,,skip-shop,Shop pages (no shop on Trenodo)
/shop/guitar/pedaler-effekter/distortion.html,3,721,29.34,,/,,skip-shop,Shop pages (no shop on Trenodo)
/shop/mandolin.html,3,637,34.65,,/,,skip-shop,Shop pages (no shop on Trenodo)
/undervisning/dj/randers.html,3,618,34.88,,/tutoring,,tutoring,Teacher profiles and lesson pages
/shop/produkt/364-fender-squier-classic-vibe-stratocaster-50s-mn-blk.html,3,598,19.59,,/,,skip-shop,Shop pages (no shop on Trenodo)
/blog/musikinspiration-emilie-thorsby-ocean.html,3,570,6.15,,/spotlight,,spotlight,Artist features
/undervisning/violin.html,3,552,23.61,,/tutoring,,tutoring,Teacher profiles and lesson pages
/undervisning/dj/herning.html,3,552,26.53,,/tutoring,,tutoring,Teacher profiles and lesson pages
/blog/musikinspiration-arina-mai-finally-home.html,3,548,5.16,,/spotlight,,spotlight,Artist features
/shop/guitar/pedaler-effekter/preamp.html,3,402,25.36,,/,,skip-shop,Shop pages (no shop on Trenodo)
/blog/6-fordele-for-boern-der-laerer-at-spille-musik.html,3,381,30.23,,/knowledge,,misc,Other blog posts
/undervisning/trommer/amager.html,3,373,19.92,,/tutoring,,tutoring,Teacher profiles and lesson pages
/musikunderviser/thomas-buchel-609.html,3,337,23.35,,/tutoring,,tutoring,Teacher profiles and lesson pages
/muuvtube/video/eagle-eye-cherry-save-tonight.html,3,333,21.7,,/knowledge/guitar/getting-started,,skip-video,Song and children's song video lessons
/shop/banjo/6-strenget.html,3,330,21.53,,/,,skip-shop,Shop pages (no shop on Trenodo)
/artist/joakim-lykke-15.html,3,327,9.17,,/spotlight,,spotlight,Artist features
/musikunderviser/mads-winther-1230.html,3,322,4.99,,/tutoring,,tutoring,Teacher profiles and lesson pages
/underviserforespoergsel/dj-undervisning-silkeborg-653.html,3,285,52.59,,/tutoring,,tutoring,Teacher profiles and lesson pages
/undervisning/guitar/herning.html,3,272,10.97,,/tutoring,,tutoring,Teacher profiles and lesson pages
/undervisning/genre/klassisk.html,3,261,22.72,,/tutoring,,tutoring,Teacher profiles and lesson pages
/blog/musikinspiration-siri-neel-drawn-like-a-magnet.html,3,255,6.21,,/spotlight,,spotlight,Artist features
/shop/produkt/neumann-u87-ai.html,3,229,22.15,,/,,skip-shop,Shop pages (no shop on Trenodo)
/blog/musikinspiration-isse-vita-nova.html,3,222,12.17,,/spotlight,,spotlight,Artist features
/shop/produkt/405-fender-american-pro-telecaster-mn-nat.html,3,211,18.16,,/,,skip-shop,Shop pages (no shop on Trenodo)
/undervisning/musikproduktion/horsens.html,3,209,26.16,,/tutoring,,tutoring,Teacher profiles and lesson pages
/undervisning/trommer/online.html,3,196,20.84,,/tutoring,,tutoring,Teacher profiles and lesson pages
/shop/produkt/370-fender-player-stratocaster-hhs-mn-blk.html,3,182,24.3,,/,,skip-shop,Shop pages (no shop on Trenodo)
/shop/guitar/boern/western.html,3,181,20.93,,/,,skip-shop,Shop pages (no shop on Trenodo)
/undervisning/musikproduktion/odense.html,3,176,24.16,,/tutoring,,tutoring,Teacher profiles and lesson pages
/shop/produkt/2347-startpakke-yamaha-ez-220.html,3,175,9.11,,/,,skip-shop,Shop pages (no shop on Trenodo)
/undervisning/genre/elektronisk.html,3,173,29.78,,/tutoring,,tutoring,Teacher profiles and lesson pages
/undervisning/trommer/aarhus.html,3,172,16.75,,/tutoring,,tutoring,Teacher profiles and lesson pages
/shop/produkt/1463-boss-katana-50-mk2.html,3,170,17.42,,/,,skip-shop,Shop pages (no shop on Trenodo)
/undervisning/genre/soul.html,3,170,28.66,,/tutoring,,tutoring,Teacher profiles and lesson pages
/shop/guitar/dele/stemmeskruer.html,3,166,17.1,,/,,skip-shop,Shop pages (no shop on Trenodo)
/undervisning/lydteknik/vejle.html,3,166,53.98,,/tutoring,,tutoring,Teacher profiles and lesson pages
/shop/produkt/nord-electro-5d-61-stage-piano.html,3,165,6.32,,/,,skip-shop,Shop pages (no shop on Trenodo)
/shop/keyboard/forstaerker.html,3,162,11.44,,/,,skip-shop,Shop pages (no shop on Trenodo)
/musikunderviser/soma-allpass-752.html,3,159,5.34,,/tutoring,,tutoring,Teacher profiles and lesson pages
/shop/produkt/roland-fa-06-workstation.html,3,156,9.83,,/,,skip-shop,Shop pages (no shop on Trenodo)
/blog/musikinspiration-amea-physical.html,3,152,10.22,,/spotlight,,spotlight,Artist features
/shop/produkt/1023-yamaha-ydp-164-b.html,3,152,14.77,,/,,skip-shop,Shop pages (no shop on Trenodo)
/shop/produkt/281-martin-d-41.html,3,150,13.07,,/,,skip-shop,Shop pages (no shop on Trenodo)
/shop/produkt/1677-gibson-hummingbird-rosewood-avant-garde-2018-antique-natural.html,3,146,25.76,,/,,skip-shop,Shop pages (no shop on Trenodo)
/shop/produkt/1613-fender-player-jazz-bass-mn-blk.html,3,145,21.37,,/,,skip-shop,Shop pages (no shop on Trenodo)
/musikunderviser/odin-madsen-laugesen-972.html,3,138,15.06,,/tutoring,,tutoring,Teacher profiles and lesson pages
/undervisning/vibrafon.html,3,135,20.87,,/tutoring,,tutoring,Teacher profiles and lesson pages
/undervisning/genre/latin.html,3,133,17.63,,/tutoring,,tutoring,Teacher profiles and lesson pages
/undervisning/klaver/hvidovre.html,3,131,8.07,,/tutoring,,tutoring,Teacher profiles and lesson pages
/shop/produkt/997-yamaha-csf3m-tbs.html,3,128,9.73,,/,,skip-shop,Shop pages (no shop on Trenodo)
/shop/produkt/433-yamaha-rs320-rcp-revstar.html,3,126,13.78,,/,,skip-shop,Shop pages (no shop on Trenodo)
/artist/nayah-18.html,3,123,8.44,,/spotlight,,spotlight,Artist features
/musikunderviser/julius-pedersen-1107.html,3,123,14.37,,/tutoring,,tutoring,Teacher profiles and lesson pages
/shop/produkt/1421-marshall-origin-5c.html,3,123,14.91,,/,,skip-shop,Shop pages (no shop on Trenodo)
/shop/produkt/novation-launchpad-mini-mk2.html,3,120,19.09,,/,,skip-shop,Shop pages (no shop on Trenodo)
/selvstudie/instrumenter/guitar/den-foerste-sang.html,3,119,18.57,,/knowledge/guitar,,exists,
/shop/produkt/767-fender-stratacoustic.html,3,117,7.33,,/,,skip-shop,Shop pages (no shop on Trenodo)
/shop/produkt/381-fender-player-telecaster-mn-tpl.html,3,115,29.2,,/,,skip-shop,Shop pages (no shop on Trenodo)
/artist/vingard-22.html,3,112,9.88,,/spotlight,,spotlight,Artist features
/shop/produkt/2352-yamaha-psr-sx900.html,3,110,16.3,,/,,skip-shop,Shop pages (no shop on Trenodo)
/musikunderviser/henrik-thor-oscar-olsson-317.html,3,108,8.44,,/tutoring,,tutoring,Teacher profiles and lesson pages
/blog/selvsikker-kompromisloes-og-fokuseret-fvn-er-tilbage-med-bravo.html,3,103,11.69,,/spotlight/confident-uncompromising-and-focused-fvn-is-back-with-bravo,,spotlight,
/musikunderviser/maja-kjaer-jacobsen-1329.html,3,101,7.61,,/tutoring,,tutoring,Teacher profiles and lesson pages
/undervisning/sang/amager.html,3,101,14.79,,/tutoring,,tutoring,Teacher profiles and lesson pages
/shop/produkt/1690-taylor-114e-walnut.html,3,98,7.62,,/,,skip-shop,Shop pages (no shop on Trenodo)
/shop/produkt/762-fender-cd-60-v3-nat.html,3,98,10.9,,/,,skip-shop,Shop pages (no shop on Trenodo)
/undervisning/trommer/oesterbro.html,3,95,17.42,,/tutoring,,tutoring,Teacher profiles and lesson pages
/musikunderviser/simon-hiemstra-christoffersen-1319.html,3,91,4.73,,/tutoring,,tutoring,Teacher profiles and lesson pages
/shop/produkt/962-artesia-dp-3-plus.html,3,89,10.16,,/,,skip-shop,Shop pages (no shop on Trenodo)
/undervisning/fl-studio/lyngby.html,3,88,5.59,,/tutoring,,tutoring,Teacher profiles and lesson pages
/undervisning/harmonika/online.html,3,85,18.88,,/tutoring,,tutoring,Teacher profiles and lesson pages
/shop/produkt/1296-fender-bassbreaker-18-30.html,3,83,14.02,,/,,skip-shop,Shop pages (no shop on Trenodo)
/shop/produkt/436-yamaha-rs502tfm-x-vjd-revstar.html,3,81,12.25,,/,,skip-shop,Shop pages (no shop on Trenodo)
/undervisning/klaver/noerrebro.html,3,81,16.26,,/tutoring,,tutoring,Teacher profiles and lesson pages
/musikunderviser/soeren-johansen-1081.html,3,79,13.18,,/tutoring,,tutoring,Teacher profiles and lesson pages
/shop/produkt/404-fender-american-pro-telecaster-rw-ow.html,3,75,10.81,,/,,skip-shop,Shop pages (no shop on Trenodo)
/undervisning/saxofon/kolding.html,3,71,4.55,,/tutoring,,tutoring,Teacher profiles and lesson pages
/blog/musikinspiration-aboen-orion.html,3,71,11.75,,/spotlight,,spotlight,Artist features
/musikunderviser/alexander-parada-1100.html,3,68,9.43,,/tutoring,,tutoring,Teacher profiles and lesson pages
/shop/produkt/763-fender-cd-60-v3-sb.html,3,66,8.97,,/,,skip-shop,Shop pages (no shop on Trenodo)
/shop/produkt/862-zoom-g5n.html,3,66,11.45,,/,,skip-shop,Shop pages (no shop on Trenodo)
/shop/produkt/1699-taylor-322e-12-fret.html,3,65,9.03,,/,,skip-shop,Shop pages (no shop on Trenodo)
/shop/produkt/824-nux-pls-4.html,3,63,8.38,,/,,skip-shop,Shop pages (no shop on Trenodo)
/undervisning/floejte/koebenhavn.html,3,63,17.89,,/tutoring,,tutoring,Teacher profiles and lesson pages
/shop/produkt/984-casio-cdp-s350-plus-cs-46p.html,3,62,8.58,,/,,skip-shop,Shop pages (no shop on Trenodo)
/shop/produkt/1028-yamaha-ls-tavt.html,3,61,16.75,,/,,skip-shop,Shop pages (no shop on Trenodo)
/shop/produkt/620-dunlop-tortex-triangle-088mm-6-stk.html,3,61,18.05,,/,,skip-shop,Shop pages (no shop on Trenodo)
/undervisning/violin/herning.html,3,60,8.17,,/tutoring,,tutoring,Teacher profiles and lesson pages
/shop/produkt/1329-nux-mighty-50x.html,3,59,14.19,,/,,skip-shop,Shop pages (no shop on Trenodo)
/undervisning/harmonika/gentofte.html,3,58,19.21,,/tutoring,,tutoring,Teacher profiles and lesson pages
/shop/produkt/760-dimavery-rs-300.html,3,56,6.54,,/,,skip-shop,Shop pages (no shop on Trenodo)
/shop/produkt/990-yamaha-ydp-s34-b.html,3,56,14.77,,/,,skip-shop,Shop pages (no shop on Trenodo)
/undervisning/mundharmonika/koebenhavn.html,3,55,12.85,,/tutoring,,tutoring,Teacher profiles and lesson pages
/undervisning/cajon.html,3,52,9.96,,/tutoring,,tutoring,Teacher profiles and lesson pages
/musikunderviser/severin-perch-kibaek-979.html,3,52,13.31,,/tutoring,,tutoring,Teacher profiles and lesson pages
/shop/produkt/1472-tanglewood-twbz-evolution-baryton.html,3,49,10.61,,/,,skip-shop,Shop pages (no shop on Trenodo)
/undervisning/violin/randers.html,3,48,9.21,,/tutoring,,tutoring,Teacher profiles and lesson pages
/underviserforespoergsel/klaverundervisning-holte-449.html,3,48,14.94,,/tutoring,,tutoring,Teacher profiles and lesson pages
/shop/guitar/befugter.html,3,47,13.3,,/,,skip-shop,Shop pages (no shop on Trenodo)
/undervisning/saxofon/horsens.html,3,46,3.96,,/tutoring,,tutoring,Teacher profiles and lesson pages
/musikunderviser/sonny-kaiser-nielsen-458.html,3,46,10.52,,/tutoring,,tutoring,Teacher profiles and lesson pages
/shop/produkt/1425-takamine-p3ny.html,3,43,8.26,,/,,skip-shop,Shop pages (no shop on Trenodo)
/shop/produkt/459-charvel-pro-mod-san-dimas-style-1-hh-fr-m-qm.html,3,43,8.72,,/,,skip-shop,Shop pages (no shop on Trenodo)
/underviserforespoergsel/klaverundervisning-roedovre-581.html,3,41,13.02,,/tutoring,,tutoring,Teacher profiles and lesson pages
/shop/produkt/2051-beckett-jh2005-sort.html,3,37,5.27,,/,,skip-shop,Shop pages (no shop on Trenodo)
/undervisning/mundharmonika/esbjerg.html,3,34,4.06,,/tutoring,,tutoring,Teacher profiles and lesson pages
/musikunderviser/mikkel-millard-553.html,3,34,6.59,,/tutoring,,tutoring,Teacher profiles and lesson pages
/underviserforespoergsel/sangundervisning-hedensted-644.html,3,33,7.06,,/tutoring,,tutoring,Teacher profiles and lesson pages
/shop/produkt/1021-yamaha-ydp-s54-wh.html,3,33,15.82,,/,,skip-shop,Shop pages (no shop on Trenodo)
/undervisning/genre/punk.html,3,33,20.73,,/tutoring,,tutoring,Teacher profiles and lesson pages
/undervisning/blokfloejte/aarhus.html,3,31,9.87,,/tutoring,,tutoring,Teacher profiles and lesson pages
/shop/produkt/1712-taylor-812ce-12-fret-dlx-v-class.html,3,31,14.48,,/,,skip-shop,Shop pages (no shop on Trenodo)
/undervisning/hoerelaere/esbjerg.html,3,30,35.23,,/tutoring,,tutoring,Teacher profiles and lesson pages
/shop/produkt/76-recording-king-rkh-05.html,3,28,13.68,,/,,skip-shop,Shop pages (no shop on Trenodo)
/undervisning/ableton/aarhus.html,3,28,28.07,,/tutoring,,tutoring,Teacher profiles and lesson pages
/musikunderviser/kristian-vidar-skov-hansen-1347.html,3,27,6.19,,/tutoring,,tutoring,Teacher profiles and lesson pages
/shop/produkt/1672-santana-la-90eqcw-sb-v2.html,3,27,7.15,,/,,skip-shop,Shop pages (no shop on Trenodo)
/shop/produkt/1060-seagull-performer-cw-folk-flame-maple-qit.html,3,27,14.04,,/,,skip-shop,Shop pages (no shop on Trenodo)
/undervisning/basguitar/esbjerg.html,3,27,27.41,,/tutoring,,tutoring,Teacher profiles and lesson pages
/shop/produkt/1490-recording-king-rps-7-ts.html,3,26,10.12,,/,,skip-shop,Shop pages (no shop on Trenodo)
/undervisning/klarinet/vejle.html,3,25,52.12,,/tutoring,,tutoring,Teacher profiles and lesson pages
/shop/produkt/707-santana-b7bk.html,3,22,5.95,,/,,skip-shop,Shop pages (no shop on Trenodo)
/undervisning/blokfloejte/roskilde.html,3,21,13.43,,/tutoring,,tutoring,Teacher profiles and lesson pages
/underviserforespoergsel/violinundervisning-roedovre-511.html,3,19,7.68,,/tutoring,,tutoring,Teacher profiles and lesson pages
/undervisning/keyboard/oesterbro.html,3,19,8.53,,/tutoring,,tutoring,Teacher profiles and lesson pages
/shop/produkt/771-fender-malibu-player-wn-car.html,3,18,8.5,,/,,skip-shop,Shop pages (no shop on Trenodo)
/musikunderviser/august-rose-limongelli-rechnagel-1346.html,3,18,23.39,,/tutoring,,tutoring,Teacher profiles and lesson pages
/shop/produkt/1681-gibson-hummingbird-studio-2019-antique-natural.html,3,17,38.29,,/,,skip-shop,Shop pages (no shop on Trenodo)
/undervisning/blokfloejte/noerrebro.html,3,15,4.33,,/tutoring,,tutoring,Teacher profiles and lesson pages
/shop/produkt/1634-hagstroem-siljan-ii-grand-auditorium-ce.html,3,13,15.08,,/,,skip-shop,Shop pages (no shop on Trenodo)
/shop/produkt/joyo-jt-305-pedal-tuner.html,3,12,16.92,,/,,skip-shop,Shop pages (no shop on Trenodo)
/shop.html,2,3837,40.83,,/,,skip-shop,Shop pages (no shop on Trenodo)
/shop/trommer/stikker.html,2,2160,36.25,,/,,skip-shop,Shop pages (no shop on Trenodo)
/musikunderviser/micelle-ruberg-22.html,2,1497,16.65,,/tutoring,,tutoring,Teacher profiles and lesson pages
/blog/musikinspiration-karen-mukupa-aegte.html,2,1219,21.34,,/spotlight,,spotlight,Artist features
/shop/klaver/baenk.html,2,1214,28.55,,/,,skip-shop,Shop pages (no shop on Trenodo)
/undervisning/dj/esbjerg.html,2,1184,26.75,,/tutoring,,tutoring,Teacher profiles and lesson pages
/muuvtube/laer-elvis-presley-sange-akkorder-paa-guitar.html,2,1141,12.79,,/knowledge/guitar/getting-started,,skip-video,Song and children's song video lessons
/undervisning/dj/kolding.html,2,1034,28.31,,/tutoring,,tutoring,Teacher profiles and lesson pages
/undervisning/dj/roskilde.html,2,936,34.41,,/tutoring,,tutoring,Teacher profiles and lesson pages
/undervisning/sang/vejle.html,2,885,9.94,,/tutoring,,tutoring,Teacher profiles and lesson pages
/shop/ukulele/sopran.html,2,882,32.96,,/,,skip-shop,Shop pages (no shop on Trenodo)
/shop/trommer/maskine.html,2,878,11.91,,/,,skip-shop,Shop pages (no shop on Trenodo)
/undervisning/klaver/koebenhavn.html,2,871,28.83,,/tutoring,,tutoring,Teacher profiles and lesson pages
/selvstudie/instrumenter/bas.html,2,723,34.95,,/knowledge/bass,,exists,
/undervisning/piccolo.html,2,606,9.75,,/tutoring,,tutoring,Teacher profiles and lesson pages
/artist/sarah-faerch-24.html,2,600,10.37,,/spotlight,,spotlight,Artist features
/shop/produkt/3043-harley-benton-gs-travel-e-mahogany.html,2,565,11.8,,/,,skip-shop,Shop pages (no shop on Trenodo)
/selvstudie/trommer/stikteknik/dobbeltslag.html,2,555,9.34,,/knowledge/drums,/knowledge/drums/rudiments,create,Sticking and rudiments (paradiddle and friends)
/artist/amea-14.html,2,553,8,,/spotlight,,spotlight,Artist features
/blog/musikinspiration-glimtvis-werent-we-just-dancing.html,2,549,3.89,,/spotlight/an-epic-album-from-start-to-finish,,spotlight,
/undervisning/dj/horsens.html,2,533,27.12,,/tutoring,,tutoring,Teacher profiles and lesson pages
/musikunderviser/kristian-moeller-1236.html,2,509,9.26,,/tutoring,,tutoring,Teacher profiles and lesson pages
/artist/emi-wide-51.html,2,462,6,,/spotlight/a-new-delicate-pop-hit,,spotlight,
/shop/produkt/761-fender-cd-60-v3-blk.html,2,460,11.14,,/,,skip-shop,Shop pages (no shop on Trenodo)
/blog/5-grunde-til-at-du-ikke-koeber-dyre-studiemonitors.html,2,456,11.99,,/knowledge/record,,exists,
/muuvtube/video/justin-bieber-love-yourself.html,2,445,13.43,,/knowledge/guitar/getting-started,,skip-video,Song and children's song video lessons
/blog/musikinspiration-isse-en-mod-hele-verden.html,2,435,9.96,,/spotlight,,spotlight,Artist features
/undervisning/klaver/aalborg.html,2,433,24.33,,/tutoring,,tutoring,Teacher profiles and lesson pages
/underviserforespoergsel/guitarundervisning-skanderborg-427.html,2,426,26.72,,/tutoring,,tutoring,Teacher profiles and lesson pages
/blog/musikinspiration-twins-of-june-follow-you.html,2,422,3.36,,/spotlight,,spotlight,Artist features
/blog/musikinspiration-laerke-emilie-sirener.html,2,419,5.33,,/spotlight,,spotlight,Artist features
/blog/audio-edit-tools-i-logic-pro-x.html,2,402,16.12,,/knowledge/record,,exists,
/blog/musikinspiration-clovis-du-er-savnet.html,2,391,6.69,,/spotlight,,spotlight,Artist features
/blog/videolektion-4-4-rytme-paa-guitar.html,2,375,9.63,,/knowledge/guitar/getting-started,,exists,Guitar beginner blog posts
/shop/produkt/3042-harley-benton-gs-travel-mahogany.html,2,362,9.52,,/,,skip-shop,Shop pages (no shop on Trenodo)
/shop/produkt/2354-korg-pa-1000.html,2,350,10.81,,/,,skip-shop,Shop pages (no shop on Trenodo)
/blog/saet-gang-i-selskabet-med-en-musikquiz.html,2,332,35.6,,/knowledge,,misc,Other blog posts
/musikunderviser/sebastian-stendal-595.html,2,331,22.11,,/tutoring,,tutoring,Teacher profiles and lesson pages
/undervisning/guitar/lyngby.html,2,319,15.22,,/tutoring,,tutoring,Teacher profiles and lesson pages
/shop/produkt/411-fender-american-pro-stratocaster-mn-3ts.html,2,308,19.27,,/,,skip-shop,Shop pages (no shop on Trenodo)
/shop/guitar/pedaler-effekter/oktav.html,2,302,16.91,,/,,skip-shop,Shop pages (no shop on Trenodo)
/undervisning/guitar/aarhus.html,2,302,24.17,,/tutoring,,tutoring,Teacher profiles and lesson pages
/undervisning/noder.html,2,302,24.57,,/tutoring,,tutoring,Teacher profiles and lesson pages
/shop/ukulele/strenge.html,2,297,28.69,,/,,skip-shop,Shop pages (no shop on Trenodo)
/blog/hvorfor-hjemmeoevelse-er-noeglen-naar-du-vil-laere-at-spille-klaver.html,2,285,13.34,,/knowledge/piano,,exists,
/blog/musikinspiration-kasper-buch-holding-on.html,2,281,8.15,,/spotlight,,spotlight,Artist features
/musikunderviser/maibritt-andersen-1238.html,2,276,5.43,,/tutoring,,tutoring,Teacher profiles and lesson pages
/shop/trommer/tilbehoer/stortrommepedal.html,2,270,19.39,,/,,skip-shop,Shop pages (no shop on Trenodo)
/shop/guitar/epiphone.html,2,266,19.44,,/,,skip-shop,Shop pages (no shop on Trenodo)
/selvstudie/trommer/introduktion-til-trommer.html,2,260,16.15,,/knowledge/drums,,exists,
/shop/produkt/roland-ax-edge-keytar-hvid.html,2,257,22.76,,/,,skip-shop,Shop pages (no shop on Trenodo)
/shop/banjo/nodeboeger-og-dvder.html,2,255,10.99,,/,,skip-shop,Shop pages (no shop on Trenodo)
/shop/guitar/boern/spansk.html,2,249,14.65,,/,,skip-shop,Shop pages (no shop on Trenodo)
/musikunderviser/laura-kjaergaard-470.html,2,249,34.31,,/tutoring,,tutoring,Teacher profiles and lesson pages
/shop/basguitar/strenge.html,2,246,23.65,,/,,skip-shop,Shop pages (no shop on Trenodo)
/blog/musikinspiration-nina-stark-dvale.html,2,245,8.97,,/spotlight,,spotlight,Artist features
/undervisning/ukulele/online.html,2,239,28.26,,/tutoring,,tutoring,Teacher profiles and lesson pages
/blog/musikinspiration-elias-bendix-whos-to-blame.html,2,237,6.47,,/spotlight,,spotlight,Artist features
/blog/saadan-laver-du-en-meningsfuld-laeringsplan-tips-til-musikundervisere.html,2,237,28.27,,/knowledge,,misc,Other blog posts
/shop/guitar/pedaler-effekter/bas.html,2,228,21.94,,/,,skip-shop,Shop pages (no shop on Trenodo)
/shop/guitar/forstaerker/dg-electronics.html,2,219,11.76,,/,,skip-shop,Shop pages (no shop on Trenodo)
/undervisning/fl-studio/aarhus.html,2,206,17.63,,/tutoring,,tutoring,Teacher profiles and lesson pages
/shop/produkt/universal-audio-apollo-twin-mkii-quad.html,2,203,15.87,,/,,skip-shop,Shop pages (no shop on Trenodo)
/undervisning/banjo/online.html,2,203,17.29,,/tutoring,,tutoring,Teacher profiles and lesson pages
/shop/produkt/1610-fender-player-precision-bass-pf-3ts.html,2,198,19.41,,/,,skip-shop,Shop pages (no shop on Trenodo)
/shop/produkt/2346-yamaha-ez-220.html,2,193,9.91,,/,,skip-shop,Shop pages (no shop on Trenodo)
/shop/produkt/3044-traveler-guitar-electric-ultra-light-black.html,2,193,18.95,,/,,skip-shop,Shop pages (no shop on Trenodo)
/artist/mia-dae-39.html,2,189,6.96,,/spotlight/full-of-contrast-well-produced-and-catchy,,spotlight,
/blog/musikinspiration-josefine-meinert-tell-me-who-i-am.html,2,187,6.41,,/spotlight,,spotlight,Artist features
/muuvtube/video/coldplay-the-scientist.html,2,177,13.68,,/knowledge/guitar/getting-started,,skip-video,Song and children's song video lessons
/undervisning/guitar/vejle.html,2,175,20.18,,/tutoring,,tutoring,Teacher profiles and lesson pages
/undervisning/trommer/odense.html,2,174,12.7,,/tutoring,,tutoring,Teacher profiles and lesson pages
/musikunderviser/carsten-esbensen-393.html,2,171,9.32,,/tutoring,,tutoring,Teacher profiles and lesson pages
/undervisning/violin/koebenhavn.html,2,170,30.18,,/tutoring,,tutoring,Teacher profiles and lesson pages
/artist/lizette-schouw-40.html,2,169,8.41,,/spotlight,,spotlight,Artist features
/shop/produkt/365-fender-squier-classic-vibe-stratocaster-50s-mn-2ts.html,2,169,18.27,,/,,skip-shop,Shop pages (no shop on Trenodo)
/shop/produkt/1657-santana-la-90-v2.html,2,159,7.05,,/,,skip-shop,Shop pages (no shop on Trenodo)
/blog/musikinspiration-marissa-m-its-me-hey.html,2,156,11.28,,/spotlight/another-elegant-and-delightful-pop-track,,spotlight,
/blog/musikinspiration-amea-call-me-baby.html,2,156,14.97,,/spotlight,,spotlight,Artist features
/artist/johanne-21.html,2,154,8.84,,/spotlight,,spotlight,Artist features
/artist/vinz-56.html,2,153,8.71,,/spotlight,,spotlight,Artist features
/undervisning/dj/koebenhavn.html,2,153,39.54,,/tutoring,,tutoring,Teacher profiles and lesson pages
/undervisning/studio-one/roskilde.html,2,153,39.69,,/tutoring,,tutoring,Teacher profiles and lesson pages
/blog/musikinspiration-mia-dae-world-on-fire.html,2,152,13.13,,/spotlight/full-of-contrast-well-produced-and-catchy,,spotlight,
/undervisning/guitar/kolding.html,2,150,12.4,,/tutoring,,tutoring,Teacher profiles and lesson pages
/musikunderviser/oscar-halling-lauridsen-1025.html,2,149,6.74,,/tutoring,,tutoring,Teacher profiles and lesson pages
/blog/musikinspiration-sarah-faerch-venner-i-datid.html,2,149,13.35,,/spotlight,,spotlight,Artist features
/musikunderviser/ea-wiimh-1211.html,2,149,25.47,,/tutoring,,tutoring,Teacher profiles and lesson pages
/shop/produkt/373-fender-player-stratocaster-pf-blk.html,2,149,27.28,,/,,skip-shop,Shop pages (no shop on Trenodo)
/blog/top-10-udgivelser-fra-2025.html,2,148,7.84,,/spotlight,,spotlight,Artist features
/musikunderviser/morten-underbjerg-426.html,2,139,7.81,,/tutoring,,tutoring,Teacher profiles and lesson pages
/blog/stor-datarapport-udvikling-i-hvilke-instrumenter-danske-musikelever-oensker-at-laere.html,2,139,9,,/knowledge,,misc,Other blog posts
/blog/giv-den-perfekte-julegave-til-guitaristen-faa-gode-gaveideer-her.html,2,134,12.37,,/knowledge/guitar/getting-started,,exists,Guitar beginner blog posts
/shop/produkt/2003-spil-og-laer-klaver-1.html,2,134,34.49,,/,,skip-shop,Shop pages (no shop on Trenodo)
/shop/produkt/1140-by-beierholm-1003-0003-0303.html,2,127,9.02,,/,,skip-shop,Shop pages (no shop on Trenodo)
/undervisning/musikteori.html,2,126,32.41,,/tutoring,,tutoring,Teacher profiles and lesson pages
/musikunderviser/henrik-pilegaard-rasmussen-1327.html,2,125,8.94,,/tutoring,,tutoring,Teacher profiles and lesson pages
/undervisning/guitar/roskilde.html,2,125,10.81,,/tutoring,,tutoring,Teacher profiles and lesson pages
/undervisning/blokfloejte/frederiksberg.html,2,125,21.02,,/tutoring,,tutoring,Teacher profiles and lesson pages
/shop/produkt/41-roland-a-800pro.html,2,125,41.18,,/,,skip-shop,Shop pages (no shop on Trenodo)
/blog/musikinspiration-lizette-schouw-dick.html,2,124,7.16,,/spotlight,,spotlight,Artist features
/shop/guitar/dele/baroner.html,2,124,10.98,,/,,skip-shop,Shop pages (no shop on Trenodo)
/artist/mirby-45.html,2,121,7.91,,/spotlight/funky-pop-with-attitude-and-international-class-from-mirby,,spotlight,
/undervisning/genre/pop.html,2,120,16.41,,/tutoring,,tutoring,Teacher profiles and lesson pages
/shop/produkt/steinberg-cubase-artist.html,2,116,29.68,,/,,skip-shop,Shop pages (no shop on Trenodo)
/undervisning/keyboard/vejle.html,2,115,43.63,,/tutoring,,tutoring,Teacher profiles and lesson pages
/blog/musikinspiration-isse-alt-jeg-oensker-mig-i-aar.html,2,107,9.74,,/spotlight,,spotlight,Artist features
/artist/jaya-may-28.html,2,107,10.52,,/spotlight,,spotlight,Artist features
/undervisning/guitar/noerrebro.html,2,106,15.82,,/tutoring,,tutoring,Teacher profiles and lesson pages
/shop/produkt/yamaha-reface-yc-synthesizer.html,2,103,13.08,,/,,skip-shop,Shop pages (no shop on Trenodo)
/undervisning/saxofon/esbjerg.html,2,102,7.86,,/tutoring,,tutoring,Teacher profiles and lesson pages
/shop/produkt/arvada-vio-180-violin-4-4-pakkeloesning.html,2,99,9.6,,/,,skip-shop,Shop pages (no shop on Trenodo)
/underviserforespoergsel/klaverundervisning-vejle-oest-526.html,2,95,38.8,,/tutoring,,tutoring,Teacher profiles and lesson pages
/shop/produkt/356-fender-squier-contemporary-stratocaster-hh-mn-dmr.html,2,94,10.28,,/,,skip-shop,Shop pages (no shop on Trenodo)
/shop/guitar/pudsemiddel.html,2,93,9.68,,/,,skip-shop,Shop pages (no shop on Trenodo)
/undervisning/sang/gentofte.html,2,93,25.56,,/tutoring,,tutoring,Teacher profiles and lesson pages
/undervisning/studio-one/herning.html,2,93,28.54,,/tutoring,,tutoring,Teacher profiles and lesson pages
/shop/produkt/852-joyo-gem-box-ii.html,2,92,6.55,,/,,skip-shop,Shop pages (no shop on Trenodo)
/shop/produkt/yamaha-hs7-hvid.html,2,89,23.47,,/,,skip-shop,Shop pages (no shop on Trenodo)
/shop/produkt/savarez-500cj-new-corum-spansk-guitar-strenge-blaa.html,2,87,13.53,,/,,skip-shop,Shop pages (no shop on Trenodo)
/undervisning/balalajka.html,2,86,14.16,,/tutoring,,tutoring,Teacher profiles and lesson pages
/shop/banjo/pickup.html,2,85,40.27,,/,,skip-shop,Shop pages (no shop on Trenodo)
/underviserforespoergsel/jeg-vil-vaere-min-egen-hyggepianist-71.html,2,81,21.79,,/tutoring,,tutoring,Teacher profiles and lesson pages
/undervisning/genre/funk.html,2,80,15.94,,/tutoring,,tutoring,Teacher profiles and lesson pages
/undervisning/mundharmonika/roskilde.html,2,79,50.63,,/tutoring,,tutoring,Teacher profiles and lesson pages
/undervisning/trommer/frederiksberg.html,2,78,17.24,,/tutoring,,tutoring,Teacher profiles and lesson pages
/shop/produkt/3048-yamaha-cgs102a.html,2,76,6.46,,/,,skip-shop,Shop pages (no shop on Trenodo)
/shop/produkt/karl-hoefner-h8-5-v-4-4-violin-bow.html,2,76,11.3,,/,,skip-shop,Shop pages (no shop on Trenodo)
/shop/produkt/1718-furch-vintage-1-d-sr-lr-baggs-vtc.html,2,75,11.44,,/,,skip-shop,Shop pages (no shop on Trenodo)
/underviserforespoergsel/klaverundervisning-virum-630.html,2,74,8.08,,/tutoring,,tutoring,Teacher profiles and lesson pages
/shop/produkt/1597-sire-marcus-miller-v9-swamp-ash-5-nt.html,2,73,8.93,,/,,skip-shop,Shop pages (no shop on Trenodo)
/shop/produkt/326-epiphone-les-paul-black-beauty.html,2,73,11.73,,/,,skip-shop,Shop pages (no shop on Trenodo)
/shop/produkt/1586-sire-marcus-miller-v9-alder-4-fl-brs.html,2,73,16.53,,/,,skip-shop,Shop pages (no shop on Trenodo)
/undervisning/saxofon/odense.html,2,71,10.85,,/tutoring,,tutoring,Teacher profiles and lesson pages
/shop/produkt/469-ibanez-rg350dxz-wh.html,2,71,14.32,,/,,skip-shop,Shop pages (no shop on Trenodo)
/shop/produkt/65-recording-king-rk-r35-br.html,2,66,16.14,,/,,skip-shop,Shop pages (no shop on Trenodo)
/shop/produkt/680-shelter-ucp50.html,2,64,44.61,,/,,skip-shop,Shop pages (no shop on Trenodo)
/artist/glen-michaelsen-30.html,2,63,13.78,,/spotlight,,spotlight,Artist features
/shop/produkt/1521-the-loar-lo-14-tbk.html,2,62,15.16,,/,,skip-shop,Shop pages (no shop on Trenodo)
/blog/musikinspiration-carmie-things-i-no-longer-do.html,2,61,14.57,,/spotlight,,spotlight,Artist features
/shop/produkt/1427-takamine-ef341sc.html,2,61,16.77,,/,,skip-shop,Shop pages (no shop on Trenodo)
/shop/produkt/1607-fender-squier-affinity-jazz-bass-lrl-blk.html,2,61,22.79,,/,,skip-shop,Shop pages (no shop on Trenodo)
/shop/produkt/818-joyo-pxl8.html,2,60,7.45,,/,,skip-shop,Shop pages (no shop on Trenodo)
/shop/produkt/ritter-rks7-40w-mgb-taske-til-keyboard-132x295x155-cm-grey-brown.html,2,58,6.93,,/,,skip-shop,Shop pages (no shop on Trenodo)
/shop/produkt/1254-hitman-hd-3-pakkeloesning-1.html,2,58,7.72,,/,,skip-shop,Shop pages (no shop on Trenodo)
/shop/produkt/445-yamaha-rs820cr-str-revstar.html,2,57,9.86,,/,,skip-shop,Shop pages (no shop on Trenodo)
/shop/produkt/1696-taylor-314ce-v-class.html,2,57,10.12,,/,,skip-shop,Shop pages (no shop on Trenodo)
/shop/produkt/1389-roland-ac-40.html,2,55,10.69,,/,,skip-shop,Shop pages (no shop on Trenodo)
/shop/produkt/shure-sm58s.html,2,55,16.29,,/,,skip-shop,Shop pages (no shop on Trenodo)
/undervisning/trommer/gentofte.html,2,54,13.24,,/tutoring,,tutoring,Teacher profiles and lesson pages
/shop/produkt/1361-martin-dcx1ae-macassar.html,2,54,19.91,,/,,skip-shop,Shop pages (no shop on Trenodo)
